_id,ltable_id,rtable_id,ltable_title,ltable_authors,ltable_publisher,ltable_ISBN13,ltable_publishedYear,ltable_publishedMonth,ltable_pages,rtable_title,rtable_authors,rtable_publisher,rtable_ISBN13,rtable_publishedYear,rtable_publishedMonth,rtable_pages,gold
25484,20,329,Java: How to Program / Edition 2,"Harvey M. Deitel,Paul J. Deitel",Prentice Hall Professional Technical Reference,9780138993948,1997,8,1063,Java: How to Program,"Harvey M. Deitel,Paul J. Deitel",Prentice Hall,9780131483990,2004,8,1568,0
29199,22,254,Java 2 Network Security,"Marco Pistoia,Ashok K. Ramani,Milind Nagnur,Deepak Gupta,Duane F. Reller",Pearson Education,9780130155924,1999,8,713,Java Security,Scott Oaks,O'Reilly Media,9780596001580,2001,5,620,0
30951,23,16,Sams Teach Yourself Java 6 in 21 Days,"Rogers Cadenhead,Laura Lemay",Sams,9780672329432,2007,6,720,Sams Teach Yourself Java in 24 Hours,Rogers Cadenhead,Sams,9780672330770,2009,11,432,0
52376,36,666,Professional Java Security,GARMS,Apress,9781861004253,2001,5,600,Professional Java Security,"Jess Garms,Daniel Somerfield",Wrox Press,9781861004250,2001,5,544,1
96410,69,1117,Introduction to Programming Using Java / Edition 2,"Rick Decker,Stuart Hirshfield",Cengage Learning,9780534371104,2000,1,0,Multimedia Introduction to Programming Using Java,David Gries,Springer Science+Business Media,9780387226810,2004,9,536,0
121575,88,430,Java Application Architecture: Modularity Patterns with Examples Using OSGi,Kirk Knoernschild,Pearson Education,9780132874748,2012,3,288,Java Application Architecture: Modularity Patterns with Examples Using OSGi,Kirk Knoernschild,Prentice Hall,9780321247130,2012,3,384,0
131749,95,36,"The History of Java, Volume 2",Thomas Stamford Raffles,Andesite Press,9781297695902,2015,8,528,"The History of Java, Volume 2",Thomas Stamford Raffles,Nabu Press,9781146242490,2010,3,528,0
153722,110,577,Advanced Java,Chris Laffra,Prentice Hall Professional Technical Reference,9780135343487,1996,1,288,Advanced Java,Chris Laffra,Prentice Hall,9780135343490,1997,1,270,1
166470,117,1065,"The Java Virtual Machine Specification, Java SE 7 Edition",Tim Lindholm,Pearson Education,9780133260465,2013,2,608,"The Java Virtual Machine Specification, Java Se 7 Edition","Tim Lindholm,Frank Yellin,Gilad Bracha",Addison-Wesley Professional,9780133260460,2013,2,608,1
179900,126,1751,Interdisciplinary Computing in Java Programming / Edition 1,Sun-Chong Wang,Springer US,9781402075131,2007,10,2003,Interdisciplinary Computing in Java Programming,Sun-Chong Wang,Springer,9781402075130,2003,8,266,0
207650,148,222,Java Servlet Programming / Edition 2,"Jason Hunter,William Crawford","O'Reilly Media, Incorporated",9780596000400,2001,4,782,Java Servlet Programming,"Jason Hunter,William Crawford",O'Reilly Media,9780596000400,2001,4,780,1
217490,155,712,Java 2 by Example,"Jeff Friesen,Jeff Friesen",Que,9780789725936,2001,12,829,Java Programming by Example,"Rajiv Sharma,Vivek Sharma",Cambridge University Press,9780521644430,1998,11,446,0
254870,183,214,Objects First With Java: A Practical Introduction Using BlueJ / Edition 3,"David J. Barnes,Michael Kolling,Michael Kolling",Prentice Hall,9780131976290,2006,5,520,Objects First with Java: A Practical Introduction Using BlueJ,"David J. Barnes,Michael KÃ¶lling",Prentice Hall,9780131976290,2006,6,520,1
256834,184,337,Thinking in Java,Bruce Eckel,Prentice Hall Professional Technical Reference,9780136597230,1998,2,1098,Thinking in Java,Bruce Eckel,Prentice Hall,9780131872490,2006,2,1482,0
264359,190,465,Java 5.0 Program Design: An Introduction to Programming and Object-Oriented Design,"James P. Cohoon,Jack W. Davidson","McGraw-Hill Companies, The",9780072961133,2005,7,919,An Introduction to Java Programming and Object-Oriented Application Development,Richard A.  Johnson,Cengage Learning,9780619217460,2006,2,784,0
285605,205,203,Java Enterprise in a Nutshell,"Jim Farley,William Crawford,John G. Norman,Justin Gehtland,Prakash Malani","O'Reilly Media, Incorporated",9780596101428,2006,3,896,Java Enterprise in a Nutshell,"Jim Farley,William Crawford,Prakash Malani,Justin Gehtland,John G. Norman",O'Reilly Media,9780596101430,2005,12,896,1
289310,207,99,"The Java Virtual Machine Specification, Java SE 8 Edition / Edition 1","Tim Lindholm,Frank Yellin,Gilad Bracha,Alex Buckley",Addison-Wesley,9780133905908,2014,5,648,The Java(tm) Virtual Machine Specification,"Tim Lindholm,Frank Yellin",Addison-Wesley Professional,9780201432950,1999,4,496,0
300225,215,211,Java EE 7 Essentials,Arun Gupta,"O'Reilly Media, Incorporated",9781449370176,2013,8,362,Java EE 7 Essentials,Arun Gupta,O'Reilly Media,9781449370180,2013,9,362,1
336017,239,551,Java Programming for Dummies,"Donald J. Koosis,David Koosis","Wiley, John & Sons, Incorporated",9780764501418,1997,7,373,Java Programming Projects,John Sestak,Course Technology,9780538694050,2000,1,276,0
369845,265,516,Pro XML Development with Java Technology,Deepak Vohra,Apress,9781590597064,2006,9,472,Pro XML Development with Java Technology,Ajay Vohra,Apress,9781590597060,2006,9,451,1
413076,295,714,Java Persistence with Jpa 2.1,Daoqi Yang,"Outskirts Press, Inc.",9781478700197,2013,9,434,Java Persistence with Mybatis 3,K. Siva Prasad Reddy,Packt Publishing,9781299688610,2014,5,133,0
436833,312,193,"Black Sun, Red Moon: A Novel of Java",Rory Marron,Seventh Citadel,9780957630529,2013,8,338,"Black Sun, Red Moon: A Novel of Java",Rory Marron,Seventh Citadel,9780957630530,2013,8,338,1
444174,316,1783,Java Design Patterns,Vaskaran Sarcar,Apress,9781484218013,2016,6,171,Java Enterprise Design Patterns,Mark Grand,John Wiley & Sons,9781280314070,2009,1,486,0
462270,328,1890,Java EE 7 with GlassFish 4 Application Server,David R. Heffelfinger,Packt Publishing,9781782176886,2014,3,348,Java Ee 7 with Glassfish 4 Application Server,David R. Heffelfinger,Packt Publishing,9781782176890,2014,3,348,1
515473,368,1236,Client-Server Web Apps with JavaScript and Java,Casimir Saternos,"O'Reilly Media, Incorporated",9781449369330,2014,4,260,Client-Server Web Apps with JavaScript and Java,Casimir Saternos,O'Reilly Media,9781449369330,2014,4,350,1
558883,401,1586,Java 2,BarCharts Inc,"BarCharts, Incorporated",9781572229235,2005,9,6,Java 1.2,BarCharts Inc.,Barcharts,9781572223980,2000,1,6,0
564922,405,532,SCJP Sun Certified Programmer for Java 6 Practice Exams (Exam 310-055),"Bert Bates,Kathy Sierra,Bert Bates",McGraw-Hill Professional Publishing,9780072260885,2010,11,448,SCJP Sun Certified Programmer for Java 5 Study Guide (Exam 310-055) (Certification Press),"Katherine Sierra,Bert Bates",McGraw-Hill Osborne,9780072253600,2006,1,825,0
599859,429,495,Introduction to Programming Using Java,David Eck,University Press of Florida,9781616100995,2009,9,692,Programming: Introduction to Programming Using Java,David J. Eck,Createspace,9781441419770,2009,3,683,0
608100,434,800,Learning Android: Develop Mobile Apps using Java and Eclipse / Edition 2,"Marko Gargenta,Masumi Nakamura","O'Reilly Media, Incorporated",9781449319236,2014,2,286,Learning Android: Develop Mobile Apps using Java and Eclipse,"Marko Gargenta,Masumi Nakamura",O'Reilly Media,9781449319240,2014,2,288,0
609668,435,1812,Java Cookbook,Ian F. Darwin,"O'Reilly Media, Incorporated",9781449337049,2014,7,898,Java Soa Cookbook,Eben Hewitt,O'Reilly Media,9781306814780,2014,5,579,0
669114,475,640,Java Foundations: Introduction to Program Design and Data Structures / Edition 4,"Joe Chase,Peter DePasquale,John Lewis",Pearson,9780134285436,2016,2,1152,Java Foundations: Introduction to Program Design & Data Structures,"John   Lewis,Peter DePasquale,Joe Chase",Addison Wesley Publishing Company,9780321429730,2007,3,874,0
714937,506,1627,Java in Easy Steps: Covers Java 8,Mike McGrath,In Easy Steps Limited,9781840786217,2014,9,192,Java in easy steps: Covers Java 9,Mike McGrath,In Easy Steps Limited,9781840787540,2017,7,192,0
731602,519,334,Java Concurrency in Practice,"Brian Goetz,Tim Peierls,Joshua Bloch,Joseph Bowbeer,David Holmes",Addison-Wesley,9780321349606,2006,5,403,Java Concurrency in Practice,"Brian Goetz,Tim Peierls,Joshua Bloch,Joseph Bowbeer,David Holmes,Doug Lea",Addison-Wesley Professional,9780321349610,2006,5,403,1
871447,613,1184,Java 7: A Beginner's Tutorial,Budi Kurniawan,BrainySoftware,9780980839616,2011,10,700,Java 5: A Beginner's Tutorial,Budi Kurniawan,BrainySoftware,9780975212850,2006,4,656,0
942772,665,465,An Introduction to Object-Oriented Programming with Java / Edition 4,"C Wu,C. Thomas Wu (Otani)","McGraw-Hill Companies, The",9780072946529,2005,1,976,An Introduction to Java Programming and Object-Oriented Application Development,Richard A.  Johnson,Cengage Learning,9780619217460,2006,2,784,0
967756,683,944,Object-oriented Software Engineering : Practical Software Development Using Uml And Java / Edition 2,Timothy Lethbridge,"McGraw-Hill Companies, The",9780077109080,2004,12,562,Object-Oriented Software Engineering: Practical Software Development Using UML and Java,"Timothy Lethbridge,Robert Laganiere",McGraw-Hill Science/Engineering/Math,9780072834960,2002,5,497,0
1027704,723,1929,Smart Card Application Development Using Java / Edition 2,"Uwe Hansmann,Martin S. Nicklous,Thomas Sch?ck,Achim Schneider,Frank Seliger",Springer Berlin Heidelberg,9783540432029,2002,8,322,Smart Card Application Development Using Java,Martin S. Nicklous,Springer,9783540432030,2002,7,305,0
1039392,732,862,Java Gems: Jewels from Java Report,"Dwight Deugo,Donald G. Firesmith",SIGS,9780521648240,1998,2,0,Java Gems: Jewels from Java Report,Dwight Deugo,Sigs,9780521648240,1998,2,248,1
1050409,741,450,LDAP Programming with Java (paperback),"Rob Weltman,Tony Dahbura",Addison-Wesley,9780768682144,2000,2,720,LDAP Programming with Java,Rob Weltman,Addison-Wesley Professional,9780201657590,2000,2,692,0
1088495,769,407,The CERT Oracle Secure Coding Standard for Java / Edition 1,"Fred Long,Dhruv Mohindra,Robert Seacord,Dean F. Sutherland,David Svoboda",Addison-Wesley,9780321803955,2011,9,744,The CERT Oracle Secure Coding Standard for Java,"Fred Long,Dhruv Mohindra,Robert C. Seacord,Dean F. Sutherland,David Svoboda",Addison-Wesley Professional,9780321803960,2011,9,699,1
1120397,792,500,Java Ee 6 Development With Netbeans 7,David Heffelfinger,Packt Publishing,9781849512701,2011,6,392,Java Ee 6 Development with Netbeans 7,David R. Heffelfinger,Packt Publishing,9781849512700,2011,6,374,1
1137178,802,29,Java(TM) in Practice : Design Styles and Idioms for Effective Java,"Nigel Warren,Phil Bishop",Addison-Wesley,9780201360653,1998,12,224,Java in Practice: Design Styles & Idioms for Effective Java,"Nigel Warren,Phil Bishop",Addison Wesley Longman,9780201360650,1999,1,209,1
1155916,816,1068,"programming.java: An Introduction to Programming Using Java, Second Edition: An Introduction to Programming Using Java, 2nd / Edition 2","Rick Decker,Stuart Hirshfield",Cengage Learning,9780534371098,1999,12,640,programming.java: An Introduction to Programming Using Java: An Introduction to Programming Using Java,"Rick Decker,Stuart Hirshfield",Course Technology,9780534371100,1999,12,640,1
1200768,847,1813,Java Security,Scott Oaks,"O'Reilly Media, Incorporated",9780596001575,2001,5,620,Java Network Security,Robert S. MacGregor,Prentice Hall,9780137615290,1998,1,232,0
1206487,851,1751,Interdisciplinary Computing in Java Programming,Sun-Chong Wang,Springer US,9781461350460,2013,4,0,Interdisciplinary Computing in Java Programming,Sun-Chong Wang,Springer,9781402075130,2003,8,266,0
1221318,862,891,Java XML Programming,"Nazmul Idris,Nazmul Adris",Manning Publications Company,9781884777837,1999,8,400,Pro Java Programming,Brett Spell,Apress,9781590594740,2005,6,720,0
1228146,868,173,Data Structures and Algorithms in Java,"Michael T. Goodrich,Roberto Tamassia",Wiley,9780471193081,1998,1,760,Data Structures and Algorithms in Java,Adam Drozdek,Cengage Learning,9780534492530,2004,9,768,0
1239413,874,1419,Java for Engineers and Scientists / Edition 1,Gary J. Bronson,Cengage Learning,9780534384531,2002,12,560,Java for Engineers and Scientists,Gary J. Bronson,Course Technology,9780534384530,2003,12,812,1
1261174,891,399,Java EE 7 Developer Handbook,Peter A. Pilgrim,Packt Publishing Pvt. Ltd.,9781849687959,2013,9,0,Java Ee 7 Developer Handbook,Peter A. Pilgrim,Packt Publishing,9781849687960,2013,9,634,1
1287472,908,1163,Java Programming,K. N. King,"Norton, W. W. & Company, Inc.",9780393948141,2001,6,0,Java Web Services Programming,"Rashim Mogha,V.V. Preetham",John Wiley & Sons,9780764549530,2002,9,576,0
1318153,928,248,Data Structures and Algorithm Analysis in Java / Edition 2,Mark A. Weiss,Addison Wesley,9780321370136,2006,3,576,Data Structures and Algorithm Analysis in Java,Mark Allen Weiss,Addison Wesley,9780321370140,2006,3,576,1
1318257,928,420,Data Structures and Algorithm Analysis in Java / Edition 2,Mark A. Weiss,Addison Wesley,9780321370136,2006,3,576,Data Structures and Algorithm Analysis in Java,Clifford A. Shaffer,Dover Publications,9780486485810,2011,9,608,0
1340545,944,1405,Programming Neural Networks With Encog 2 In Java,Jeff Heaton,"Heaton Research, Inc.",9781604390070,2010,3,480,Neural Network Programming with Java,"Alan Souza,Fabio Soares",Packt Publishing,9781785880900,2016,1,244,0
1382205,974,1001,Java EE 7 Performance Tuning and Optimization,Osama Oransa,Packt Publishing,9781782176428,2014,6,478,Java Ee 7 Performance Tuning and Optimization,Osama Oransa,Packt Publishing,9781782176430,2014,6,478,1
1416488,998,1365,An Introduction to Object-Oriented Programming with Java / Edition 5,C. Thomas Wu,McGraw-Hill Education,9780073523309,2009,3,1008,An Introduction to Programming and Object-Oriented Design Using Java,"Jaime Nino,Frederick A. Hosch",Wiley,9780471712280,2004,10,976,0
1439161,1012,1851,"The Java Language Specification, Java SE 7 Edition / Edition 4","James Gosling,Bill Joy,Guy Steele,Gilad Bracha,Alex Buckley",Addison-Wesley,9780133260229,2013,2,644,"The Java Language Specification, Java Se 7 Edition","James Gosling,Bill Joy,Guy L Jr Steele",Addison-Wesley Professional,9780133260300,2013,2,672,1
1450562,1020,188,Introduction to Algorithms and Java CD-ROM / Edition 2,"Thomas H. Cormen,Ronald L. Rivest,Charles E. Leiserson,Clifford Stein","McGraw-Hill Companies, The",9780072970548,2003,12,1056,Introduction to Algorithms and Java CD-ROM,"Thomas H. Cormen,Ronald L. Rivest,Charles E. Leiserson,Clifford Stein",McGraw-Hill Science/Engineering/Math,9780072970550,2003,12,1056,1
1567319,1107,1366,A Concise and Practical Introduction to Programming Algorithms in Java,Frank Nielsen,Springer London,9781848823389,2009,3,252,A Concise and Practical Introduction to Programming Algorithms in Java,Frank Nielsen,Springer,9781848823390,2009,4,252,1
1569580,1109,364,"Covert Java: Techniques for Decompiling, Patching, and Reverse Engineering",Alex Kalinovsky,Sams,9780672326387,2004,5,268,"Covert Java: Techniques for Decompiling, Patching, and Reverse Engineering",Alex Kalinovsky,Sams,9780672326390,2004,5,288,1
1591730,1129,891,Reactive Java Programming,Andrea Maglie,Apress,9781484214299,2017,2,90,Pro Java Programming,Brett Spell,Apress,9781590594740,2005,6,720,0
1598788,1133,842,Developing Enterprise Java Applications with J2EE and UML / Edition 1,"Khawar Zaman Ahmed,Cary E. Umrysh",Addison-Wesley,9780201738292,2001,10,368,Developing Applications with Java? and UML,Paul R. Reed Jr.,Addison-Wesley Professional,9780201702520,2001,11,504,0
1633254,1158,1123,"Java Programming: Complete Concepts and Techniques, Third Edition / Edition 3","Gary B. Shelly,Thomas J. Cashman,Joy L. Starks,Michael Mick,Joy L. Starks",Cengage Learning,9781418859848,2005,9,648,Java Programming: Complete Concepts and Techniques,"Gary B. Shelly,Thomas J. Cashman,Joy L. Starks",Course Technology,9781418859850,2005,9,648,1
1664852,1177,217,Java Programming Language,"Coriolis Group,Anthony Potts,Coriolis Grp",Coriolis Group,9781883577773,1995,1,432,Java Programming,Joyce Farrell,Course Technology,9781423901280,2007,2,811,0
1672158,1181,1557,Advanced Java Interview Questions You'll Most Likely Be Asked,Vibrant Publishers,CreateSpace Publishing,9781461159261,2011,5,108,Advanced Java Interview Questions You'll Most Likely Be Asked,Vibrant Publishers,Createspace,9781461159260,2011,5,108,1
1673116,1182,740,Java 7 New Features Cookbook,"Richard M. Reese,Jennifer L. Reese",Packt Publishing,9781849685627,2012,2,384,Java 7 New Features Cookbook,"Richard M. Reese,Jennifer L. Reese",Packt Publishing,9781849685630,2012,2,384,1
1676147,1184,475,Instant Web Scraping with Java,Ryan Mitchell,Packt Publishing Pvt. Ltd.,9781849696890,2013,8,0,Instant Web Scraping with Java,Ryan Mitchell,Packt Publishing,9781299832690,2014,6,72,0
1707885,1203,1810,Java and Mac OS X,T. Gene Davis,Wiley,9780470525111,2010,5,0,Java and Mac OS X,T. Gene Davis,Wiley,9780470647320,2010,3,512,0
1771904,1254,532,Sun Certification Programmer for Java 2 Study Guide (Exam 310-025) (Book/CD-ROM Package),"Inc. Syngress Media,Gareth Hancock",McGraw-Hill Professional,9780072123722,2000,3,625,SCJP Sun Certified Programmer for Java 5 Study Guide (Exam 310-055) (Certification Press),"Katherine Sierra,Bert Bates",McGraw-Hill Osborne,9780072253600,2006,1,825,0
1787841,1264,26,Understanding Object-Oriented Programming with Java,"Timothy Budd,Susan Hartmann,Alwyn R. Velasquez,Susan Cyr",Addison-Wesley,9780201308815,1998,2,367,Understanding Object-Oriented Programming with Java: Updated Edition (New Java 2 Coverage),Timothy Budd,Pearson,9780201612740,1999,8,420,0
1872463,1321,3612,Beginning Java Databases,"MUKHAR,Bjarki Holm,John Carnell,Mark Mamone,Ron Phillips",Apress,9781861004376,2001,8,800,Beginning ASP.Net 2.0 Databases,Damien Foggon,Damien Foggon,9781430201460,2006,1,636,0
1911405,1351,849,Warenkorb. Programmieren in Java,Ina Meyer,GRIN Verlag GmbH,9783668258235,2016,8,28,Grundkurs Programmieren in Java,"Dietmar Ratz,Jens Scheffler,Detlef Seese,Jan Wiesenberger",Carl Hanser Verlag,9783446416550,2010,2,688,0
1929295,1364,1055,Android Application Development for Java Programmers,James Sheusi,Cengage Learning,9781133593546,2012,1,320,.Net Development for Java Programmers,"Paul  Gibbons,Gary Cornell",Apress,9781590590390,2002,7,386,0
1957230,1386,440,Maximum LEGO NXT: Building Robots with Java Brains,Brian Bagnall,Variant Press,9780986832222,2013,7,528,Maximum Lego NXT: Building Robots with Java Brains,Brian  Bagnall,Variant Press,9780973864920,2007,4,524,0
1961398,1389,426,Java for Programmers,Paul Deitel,Pearson Education,9780137018512,2009,2,1200,C for Java Programmers,Tomasz Muldner,Pearson,9780201702800,2000,3,500,0
2057897,1453,1142,An Introduction to Programming and Object-Oriented Design Using Java / Edition 3,Jaime Nino,Wiley,9780470128718,2008,2,1040,An Introduction to Programming and Object-Oriented Design Using Java,"Jaime Nino,Frederick A. Hosch",John Wiley & Sons,9780470128720,2008,1,1009,1
2063932,1458,35,Definitive Guide to Swing for Java 2,John Zukowski,Apress,9781893115781,2000,11,890,The Definitive Guide to Java Swing,John Zukowski,Apress,9781590594480,2000,12,899,0
2102573,1487,400,Introduction to Java Programming: Fundamentals First (Core Version) / Edition 6,Y. Daniel Liang,Prentice Hall,9780132237383,2006,7,704,Introduction to Java Programming: Fundamentals First,Y. Daniel Liang,Prentice Hall,9780132237380,2006,6,678,1
2140832,1516,853,Java Programming: Introductory / Edition 1,Joyce Farrell,Cengage Learning,9780760010693,1998,10,319,Java Programming: Introductory,Joyce Farrell,Course Technology,9780760010690,1998,10,319,1
2158856,1530,12,Programming with Java,"Barry Holmes,Holmes",Jones & Barlett Learning,9780763707071,1998,4,608,Programming in Java,"Sachin Malhotra,Saurabh Choudhary","Oxford University Press, USA",9780198063580,2011,2,656,0
2159384,1530,1030,Programming with Java,"Barry Holmes,Holmes",Jones & Barlett Learning,9780763707071,1998,4,608,Object-Oriented Programming with Java,"Barry Holmes,Daniel T. Joyce",Jones & Bartlett Publishers,9780763714350,2000,10,608,0
2163784,1533,1561,Java 6 Application Programming,Julio Sanchez,Skipanon Software Associates,9780966508864,2010,1,323,Java Programming,Joyce Farrell,Course Technology,9780619213190,2005,4,887,0
2211258,1567,1403,Java Programming,Course Technology Editorial Staff,Cengage Learning,9780619205911,2003,7,698,Java Programming Made Simple,Fawcett,Made Simple Books,9780750632420,1997,5,200,0
2234985,1585,1511,Pro JPA 2: Mastering the Java Persistence API / Edition 1,"Mike Keith,Merrick Schincariol,Jeremy Keith",Apress,9781430219569,2009,12,500,Pro JPA 2: Mastering the Java Persistence API,Merrick Schincariol,Apress L. P.,9781430219580,2009,12,500,1
2338810,1656,1419,Essential Java for Scientists and Engineers,"Brian D. Hahn,Katherine M. Malan",Elsevier Science & Technology Books,9780750654227,2002,10,352,Java for Engineers and Scientists,Gary J. Bronson,Course Technology,9780534384530,2003,12,812,0
2370928,1677,341,Harnessing Java 7: A Comprehensive Approach to Learning Java 7,Kishori Sharan,CreateSpace Publishing,9781466244641,2012,4,626,Harnessing Java 7: A Comprehensive Approach to Learning Java,Kishori Sharan,Createspace,9781463767720,2012,4,618,0
2435058,1720,168,C++ for Java Programmers / Edition 1,Mark A. Weiss,Pearson,9780139194245,2003,10,304,C++ for Java Programmers,Mark Allen Weiss,Pearson,9780139194240,2003,11,304,1
2445050,1726,138,Rails for Java Developers,"Stuart Halloway,Justin Gehtland","Pragmatic Programmers, LLC, The",9780977616695,2007,1,304,Rails for Java Developers,"Stuart Halloway,Justin Gehtland",Pragmatic Bookshelf,9780977616700,2007,2,311,1
2445316,1726,607,Rails for Java Developers,"Stuart Halloway,Justin Gehtland","Pragmatic Programmers, LLC, The",9780977616695,2007,1,304,C# for Java Developers,"Allen Jones,Adam Freeman",Microsoft Press,9780735617800,2002,8,500,0
2445681,1726,1383,Rails for Java Developers,"Stuart Halloway,Justin Gehtland","Pragmatic Programmers, LLC, The",9780977616695,2007,1,304,Eclipse 2 for Java Developers,Berthold Daum,John Wiley & Sons,9780470869060,2003,12,470,0
2477403,1748,854,Java Programming: Comprehensive,"Joyce M. Farrell,Farrell","Course Technology, Inc.",9780760010709,1999,3,720,Java Programming: A Comprehensive Introduction Java Programming: A Comprehensive Introduction,"Herbert Schildt,Dale Skrien",McGraw-Hill Science/Engineering/Math,9780078022070,2012,1,1184,0
2477425,1748,896,Java Programming: Comprehensive,"Joyce M. Farrell,Farrell","Course Technology, Inc.",9780760010709,1999,3,720,Java Programming: Comprehensive,Joyce M. Farrell,Course Technology,9780760010710,1999,2,687,1
2486418,1756,261,Java: The Complete Reference,"Patrick Naughton,Herbert Schildt",McGraw-Hill Osborne,9780078822315,1996,12,886,Java 2: The Complete Reference,"Patrick Naughton,Herbert Schildt",Osborne Publishing,9780072119760,1999,3,1108,0
2486444,1756,300,Java: The Complete Reference,"Patrick Naughton,Herbert Schildt",McGraw-Hill Osborne,9780078822315,1996,12,886,Java 2: The Complete Reference,"Herbert Schildt,Herb Schildt",McGraw-Hill/Osborne Media,9780072224210,2002,8,1184,0
2495994,1762,2,Java Software Solutions: Foundations of Program Design / Edition 4,"Adrienne Bloss,N. Jane Ingram",Addison-Wesley,9780321278616,2004,7,288,Java Software Solutions (Java 5.0 version): Foundations of Program Design,"John   Lewis,William Loftus",Addison Wesley Publishing Company,9780321322040,2005,7,944,0
2529731,1787,76,Pro Java 8 Programming,Brett Spell,Apress,9781484206416,2015,5,708,Professional Java Programming,Brett Spell,Wrox Press,9781861003830,2000,12,1111,0
2559688,1807,881,A Programmer's Guide to Java SCJP Certification: A Comprehensive Primer,Khalid A Mughal,Pearson Education,9780321619198,2008,12,1088,A Programmer's Guide to Java Certification: A Comprehensive Primer,Khalid A. Mughal,Addison-Wesley Professional,9780201596140,1999,8,688,0
2637652,1862,308,"Java: The Complete Reference, J2se (References Series)",Herbert Schildt,Osborne,9780072230734,2004,12,1000,Java:  The Complete Reference,Herbert Schildt,McGraw-Hill Education,9780071606320,2011,2,1000,0
2655432,1872,777,Data Structures With Java / Edition 1,"John R. Hubbard,Anita Huray",Pearson,9780130933744,2003,9,700,Data Structures with Java,"William H. Ford,William R. Topp",Prentice Hall,9780130477250,2005,12,1024,0
2670439,1882,333,Java Enterprise in a Nutshell,"William Crawford,Jim Farley,David Flanagan","O'Reilly Media, Incorporated",9780596001520,2002,4,992,Java in a Nutshell,David Flanagan,O'Reilly Media,9780596007740,2005,3,1224,0
2685515,1892,1695,Instant Java Applets,"Owen Davis, Sr.,Tom McGinn,Amit Bhatiani",Ziff-Davis Press,9781562763862,1996,4,240,Instant Java Applets,"Owen Davis,Tom McGinn",Ziff-Davis Press,9781562763860,1996,6,6,1
2703155,1903,197,Java Swing,Loy,"O'Reilly Media, Incorporated",9781449337308,2002,11,1280,Java Swing,"Robert Eckstein,Marc Loy,Dave Wood",O'Reilly Media,9781565924550,1998,9,1255,0
2708222,1907,348,Java Man: How Two Geologists Changed Our Understanding of Human Evolution / Edition 1,"Carl C. Swisher III,Garniss H. Curtis,Roger Lewin,Roger Lewin,Garniss H. Curtis",University of Chicago Press,9780226787343,2001,11,256,Java Man: How Two Geologists Changed Our Understanding of Human Evolution,"Carl C. Swisher III,Roger Lewin,Garniss H. Curtis",University Of Chicago Press,9780226787340,2001,11,256,1
2752635,1939,854,"Introduction to Java Programming, Comprehensive Version / Edition 9",Y. Daniel Liang,Prentice Hall,9780132936521,2012,3,1344,Java Programming: A Comprehensive Introduction Java Programming: A Comprehensive Introduction,"Herbert Schildt,Dale Skrien",McGraw-Hill Science/Engineering/Math,9780078022070,2012,1,1184,0
2782056,1958,563,Pro Java 7 NIO.2,Anghel Leonard,Apress,9781430240112,2011,12,296,Pro Java 7 Nio.2,Anghel Leonard,Apress,9781430240110,2011,12,296,1
2800258,1971,1299,Java Web Services,"David A Chappell,Tyler Jewell","O'Reilly Media, Incorporated",9780596002695,2002,3,278,Java Web Services Unleashed,"Robert J. Brunner,Frank Cohen,Francisco Curbera",Sams Publishing,9780672323640,2002,4,752,0
2808390,1977,198,Applied Java Programming,Edward Hill,"iUniverse, Incorporated",9780595450282,2007,6,236,Java Programming,"Poornachandra Sarang,Sarang Poornachandra",McGraw-Hill/Osborne Media,9780071633600,2012,2,642,0
2899734,2039,1365,An Introduction to Programming and Object-Oriented Design Using Java 2nd Edition - Java 5.0 version,"Jaime Nino,Frederick A. Hosch,Frederick A. Hosch",Wiley,9780471712275,2004,8,976,An Introduction to Programming and Object-Oriented Design Using Java,"Jaime Nino,Frederick A. Hosch",Wiley,9780471712280,2004,10,976,1
2902459,2042,153,Java 2: A Beginner's Guide,"Herbert Schildt,Herb Schildt","McGraw-Hill Companies, The",9780072127423,2003,9,570,Java 2: A Beginner's Guide,Herbert Schildt,McGraw-Hill/Osborne Media,9780072127420,2000,11,570,0
2906495,2044,628,Java Jack,"Luqman Keele,Daniel Pinkwater",HarperCollins Children's Books,9780690039962,1980,4,160,Java Jack,"Luqman Keele,Daniel Pinkwater",Harpercollins,9780690039960,1980,4,152,1
2925461,2056,1851,The Java Language Specification / Edition 3,"James Gosling,Bill Joy,Guy L. Steele Jr.,Gilad Bracha,Guy L. Steele",Addison-Wesley,9780321246783,2005,6,688,"The Java Language Specification, Java Se 7 Edition","James Gosling,Bill Joy,Guy L Jr Steele",Addison-Wesley Professional,9780133260300,2013,2,672,0
2934551,2061,1837,Java Pocket Guide: Instant Help for Java Programmers,Liguori,"O'Reilly Media, Incorporated",9781491938690,2017,2,256,Java Pocket Guide: Instant Help for Java Programmers,Liguori,O'Reilly Media,9781491938690,2017,2,256,1
2935766,2062,1097,"Sams Teach Yourself Java 2 in 21 Days, Second Edition","Laura Lemay,Rogers Cadenhead",Sams,9780672319587,2000,9,650,Sams Teach Yourself Java 2 in 21 Days (4th Edition),"Rogers Cadenhead,Laura Lemay",Sams,9780672326290,2004,5,840,0
2949626,2073,1857,Real-Time Java Platform Programming,"Peter C. Dibble,Peter C. Dibble",Pearson Education,9780130282613,2002,3,352,Real-Time Java Programming: With Java Rts,"Eric Bruno,Greg Bollella",Prentice Hall Professional,9780137042560,2009,6,431,0
2962346,2080,2203,Oracle Database 11g PL/SQL Programming / Edition 1,Michael McLaughlin,McGraw-Hill Professional Publishing,9780071494458,2008,3,835,Oracle Database 11g PL/SQL Programming,Michael McLaughlin,McGraw-Hill/Osborne Media,9780071494460,2008,4,835,1
2965334,2083,2013,Beginning C# 5.0 Databases,Vidya Vrat Agarwal,Apress,9781430242604,2012,8,440,Beginning C# Databases,"Morgan Skinner,Jon Reid",Wrox Press,9781861006100,2002,7,656,0
2965869,2083,3610,Beginning C# 5.0 Databases,Vidya Vrat Agarwal,Apress,9781430242604,2012,8,440,Beginning VB 2005 Databases,James Huddleston,James Huddleston,9781430203960,2007,1,502,0
2977649,2092,2415,OCA Oracle Database 12c Installation and Administration Exam Guide (Exam 1Z0-062),John Watson,McGraw-Hill Education,9780071831277,2014,5,768,OCA Oracle Database 11g Administration I Exam Guide (Exam 1Z0-052): Administration 1 Exam Guide,John    Watson,McGraw-Hill Osborne,9780071591030,2008,6,733,0
2992661,2102,2593,Database Applications Using PROLOG,Robert Lucas,Prentice Hall Professional Technical Reference,9780470211663,1988,10,159,Database Applications Using PROLOG,Robert Lucas,Ellis Horwood,9780470211660,1988,10,159,0
3013269,2120,3250,Online Bibliographic Databases,Gale Research Incorporated,Cengage Gale,9780810305304,1983,5,383,Online Bibliographic Databases,J L Hall,Gale Cengage,9780810305300,1983,5,383,1
3017431,2123,1641,An Introduction to Database Systems,C.J. J. Date,Addison-Wesley,9780201144710,1981,5,704,An Introduction to Database Systems,Bipin C. Desai,West Publishing Company,9780314667720,1997,7,820,0
3076475,2168,2302,Teradata Database: Introduction and SQL,unknown,Education in Parallel,9780966549331,2000,3,464,The Teradata Database:  Introduction And Sql,Brian Marshall,Education In Parallel,9780966549330,2000,3,464,1
3086811,2174,2972,Physical Database design Using Oracle,"Donald K. Burleson,Burleson K. Burleson",Taylor & Francis,9780849318177,2003,11,0,Physical Database Design Using Oracle,Burleson K.,Taylor & Francis Group,9780203506230,2004,6,264,0
3097193,2181,2908,"Biodiversity Databases: Techniques, Politics, and Applications","Gordon B. Curry,Chris J. Humphries",Taylor & Francis,9780415332903,2007,4,208,"Biodiversity Databases: Techniques, Politics, and Applications","Gordon B. Curry,Gordon B. Curry",CRC Press,9780415332900,2007,4,193,1
3117662,2197,2046,Concurrency Control and Recovery in Database Systems / Edition 1,Philip Bernstein,Addison-Wesley,9780201107159,1987,4,383,Concurrency Control and Recovery in Database Systems,Philip A. Bernstein,Addison Wesley Publishing Company,9780201107160,1987,1,370,1
3194318,2251,2193,Principles and Practice of Database Systems,S. M. Deem,"Scholium International, Inc.",9780333371008,1985,12,404,Principles of Relational Database Systems,Sitansu S. Mittra,Prentice Hall,9780137167970,1991,1,323,0
3209613,2262,3251,Databases and Information Systems VII,"A. Caplinskas,G. Dzemyda,A. Lupeikiene,O. Vasilecas","IOS Press, Incorporated",9781614991601,2013,1,400,Advances in Databases and Information Systems,"Tadeusz Morzy,Robert Wrembel",Springer,9781283912270,2013,1,314,0
3221123,2273,3422,Practical Oracle Security: Your Unauthorized Guide to Relational Database Security,"Josh Shaul,Aaron Ingram",Elsevier Science,9781597491983,2007,11,288,Practical Oracle Security: Your Unauthorized Guide to Relational Database Security,"Josh Shaul,Aaron Ingram",Syngress Publishing,9781597491980,2007,11,247,1
3234305,2281,3643,Statistical and Scientific Database Management,"M. Rafanelli,J. C. Klensin,P. G. Svensson","Springer-Verlag New York, LLC",9780387505756,1989,3,454,Statistical and Scientific Databases,Zbigniew Michalewicz,Ellis Horwood,9780138506520,1991,1,532,0
3243599,2289,3023,Databases: From Relational to Object-Oriented Systems,"Claude Delobel,Christophe Lecluse,Phillipe Richard",Cengage Learning,9781850321248,1994,9,382,Databases: From Relational to Object-Oriented Systems,"Claude Delobel,Christophe Decluse,Phillippe Richard",International Thomson Computer Press,9781850321250,1994,9,382,1
3263200,2304,2367,OCP Oracle Database 12c Advanced Administration Exam Guide (Exam 1Z0-063),Bob Bryla,McGraw-Hill Education,9780071830058,2015,6,752,OCP Oracle Database 11g Administration II Exam Guide: Exam 1Z0-053 (Oracle Press),Bob Bryla,McGraw-Hill Osborne,9780071597100,2009,2,752,0
3272451,2311,2201,Expert Oracle Database 10g Administration / Edition 1,Sam Alapati,Apress,9781590594513,2005,9,1304,Expert Oracle Database 10g Administration,Sam R. Alapati,Apress,9781590594510,2006,3,1276,1
3370033,2390,1983,Database Design,Gio C. Wiederhold,McGraw-Hill Higher Education,9780070701304,1977,1,658,Grid Database Design,April J. Wells,Auerbach Publications,9780849328010,2005,5,287,0
3370095,2390,2095,Database Design,Gio C. Wiederhold,McGraw-Hill Higher Education,9780070701304,1977,1,658,Data Analysis for Database Design,David Howe,Butterworth-Heinemann,9780750650860,2001,6,336,0
3390640,2405,3521,Oracle: A Database Developer's Guide,"Ulka Rodgers,Ed Yourdon",Simon & Schuster Adult Publishing Group,9780138414207,1998,12,425,Oracle Database 10g: A Beginner's Guide,"Abramson,Michael Abbey,Michael Corey",McGraw-Hill Education,9780071706770,2004,4,416,0
3396480,2410,3557,Real-Time Database Systems: Architecture and Techniques,"Kam-Yiu Lam,Tei-Wei Kuo",Springer US,9781475784022,2013,12,0,Real-Time Database Systems: Architecture and Techniques,"Kam-Yiu Lam,Tei-Wei Kuo",Springer,9781475784020,2013,3,289,1
3419057,2425,2193,Principles of Distributed Database Systems,Patrick Valduriez,Prentice Hall Professional Technical Reference,9780136916437,1990,10,528,Principles of Relational Database Systems,Sitansu S. Mittra,Prentice Hall,9780137167970,1991,1,323,0
3438349,2441,2646,Elements of Relational Database Design,David C. Hopkins,Trafford Publishing,9781425182809,2010,6,128,Elements of Relational Database Design,David C. Hopkins,Trafford Publishing,9781425182810,2010,6,128,1
3470722,2465,2848,Beginning Database Design: From Novice to Professional,Clare Churcher,Apress,9781430242093,2012,6,252,Beginning C# Databases: From Novice to Professional,"James Huddleston,Scott Allen,Ranga Raghuram",Apress,9781590594340,2004,11,648,0
3479582,2471,2179,Oracle Database 11g PL/SQL Programming Workbook / Edition 1,"Michael McLaughlin,John Harper,Harper John",McGraw-Hill Professional Publishing,9780071493697,2010,1,512,Oracle Database 11g PL/SQL Programming Workbook,"Michael McLaughlin,John M. Harper",McGraw-Hill/Osborne Media,9780071493700,2010,2,478,1
3490710,2480,3055,Programming the Perl DBI: Database programming with Perl,"Tim Bunce,Alligator Descartes","O'Reilly Media, Incorporated",9781565926998,2000,2,366,Programming the Perl DBI: Database Programming with Perl,"Tim Bunce,Alligator Descartes",O'Reilly Media,9781449315370,2000,2,255,0
3495423,2484,2123,SQL Database for Beginners,"Mr. Martin Holzke,Mr. Tom Stachowitz","LearnToProgram, Incorporated",9780990402077,2014,11,422,SQL Database for Beginners,"Martin Holzke,Tom Stachowitz","LearnToProgram, Incorporated",,2014,11,423,1
3508489,2494,2482,Next Generation Databases: NoSQLand Big Data,Guy Harrison,Apress,9781484213308,2015,12,235,Next Generation Databases: Nosqland Big Data,Guy Harrison,Apress,9781484213310,2015,12,235,1
3514717,2498,2488,Concise Guide to Databases: A Practical Introduction,"Peter Lake,Paul Crowther",Springer London,9781447156000,2013,12,307,Concise Guide to Databases: A Practical Introduction,"Peter Lake,Paul Crowther",Springer,9781447156000,2013,12,307,1
3534375,2511,1654,Seven Databases in Seven Weeks: A Guide to Modern Databases and the NoSQL Movement,"Eric Redmond,Jim R. Wilson","Pragmatic Programmers, LLC, The",9781934356920,2012,5,352,Seven Databases in Seven Weeks: A Guide to Modern Databases and the NoSQL Movement,"Eric  Redmond,Jim R. Wilson",Pragmatic Bookshelf,9781934356920,2012,5,352,1
3535992,2512,2828,SQL (Database Programming),Chris Fehily,Questing Vole Press,9781937842314,2014,7,410,SQL Tricks (Advanced Database Programming),Chris Fehily,Questing Vole Press,9781937842320,2014,8,120,1
3538637,2514,2206,Oracle Database 12c The Complete Reference / Edition 1,"Bob Bryla,Kevin Loney",McGraw-Hill Professional Publishing,9780071801751,2013,9,1472,Oracle Database 11g: The Complete Reference,Kevin Loney,McGraw-Hill/Osborne Media,9780071598750,2009,1,1334,0
3549268,2520,2165,Oracle Database 12c New Features,Robert G. Freeman,McGraw-Hill Professional Publishing,9780071799317,2013,12,480,Oracle Database 11g New Features,"Tom Kyte,Tom Kyte",McGraw-Hill/Osborne Media,9780071496610,2007,11,362,0
3574735,2537,2353,Oracle Database 11g & MySQL 5.6 Developer Handbook,Michael McLaughlin,McGraw-Hill Professional Publishing,9780071768856,2011,9,608,Oracle Database 11g & MySQL 5.6 Developer Handbook,Michael McLaughlin,McGraw-Hill/Osborne Media,9780071768860,2011,10,578,1
3595505,2551,3496,"DB2 9.7 for Linux, UNIX, and Windows Database Administration: Certification Study Notes",Roger E. Sanders,Mc Press,9781583473672,2011,11,160,"DB2 9 for Linux, UNIX, and Windows Database Administration: Certification Study Guide",Roger E. Sanders,Mc Press,9781583470770,2007,10,880,0
3602795,2555,3069,"OCA/OCP Oracle Database 12c All-in-One Exam Guide (Exams 1Z0-061, 1Z0-062, & 1Z0-063)","John Watson,Roopesh Ramklass,Bob Bryla",McGraw-Hill Professional Publishing,9780071828086,2015,8,1072,"OCA/OCP Oracle Database 11g All-in-One Exam Guide with CD-ROM: Exams 1Z0-051, 1Z0-052, 1Z0-053 (Oracle Press)","John    Watson,Bob Bryla,Roopesh Ramklass",McGraw-Hill Osborne Media,9780071629190,2009,8,1050,0
3651100,2584,2182,"Database Systems: A Practical Approach to Design, Implementation, and Management / Edition 6","Thomas Connolly,Carolyn Begg",Pearson,9780132943260,2014,1,1440,"Database Systems: A Practical Approach to Design, Implementation and Management",Thomas Connolly,Addison Wesley Longman,9780201708580,2001,8,848,0
3667402,2595,2816,Oracle Database 12c Release 2 Performance Tuning Tips & Techniques,Richard Niemiec,McGraw-Hill Professional Publishing,9781259589683,2017,3,848,Oracle Database 11g Performance Tuning Recipes,"Sam Alapati,Darl Kuhn,Bill Padfield",Apress,9781430236630,2011,1,583,0
3692962,2612,1995,Pro Oracle Database 12c Administration / Edition 2,Darl Kuhn,Apress,9781430257288,2013,7,756,Pro Oracle Database 12c Administration,Darl Kuhn,Apress,9781430257290,2013,7,756,1
3703780,2619,365,Sams Teach Yourself Beginning Databases in 24 Hours,"Ryan Stephens,Ron Plew",Sams,9780672324925,2003,1,480,Sams Teach Yourself Java 2 in 24 Hours,Rogers Cadenhead,Sams,9780672324600,2002,10,552,1
3756559,2656,3156,Database System Concepts,"Henry F. Korth,Abraham Silberschatz","McGraw-Hill Companies, The",9780070447547,1991,1,630,Database Concepts,James A Bates,Kendall/Hunt Publishing Company,9780757506840,2003,12,352,0
3769041,2665,3720,Concepts of Database Management / Edition 6,"Philip J. Pratt,Joseph J. Adamski",Cengage Learning,9781423901471,2007,8,400,Aise Concepts of Database Management,"Joseph J. Adamski,Philip J. Pratt",Cengage Learning,9781133191320,2011,9,432,0
3830997,2714,2857,"DB2 9 for Linux, UNIX, and Windows Advanced Database Administration Certification: Certification Study Guide","Roger E. Sanders,Dwaine R Snow",Mc Press,9781583470800,2008,11,650,"DB2 9.7 for Linux, UNIX, and Windows Database Administration: Certification Study Notes",Roger E. Sanders,Mc Press,9781583473670,2011,11,160,0
3836723,2719,3331,Upgrading Relational Databases with Objects,Robert Vermeulen,SIGS,9780135706077,1997,12,0,Upgrading Relational Databases with Objects,"Robert Vermeulen,Robert Vermulen",Sigs,9780135706080,1997,12,234,1
3858362,2736,2237,"Database Processing: Fundamentals, Design, and Implementation / Edition 9",David Kroenke,Pearson,9780131015142,2003,3,720,"Database Processing: Fundamentals, Design, and Implementation",David M. Kroenke,Prentice Hall,9780131672670,2005,2,696,0
3860741,2737,3186,DNA Databases,Lauri R Harding,Greenhaven Publishing,9780737736007,2007,8,100,DNA Databases,Lauri R. Harding,Greenhaven Press,9780737735990,2007,8,100,0
3871573,2745,3097,Database Developer's Guide with Delphi 2,Ken Henderson,Sams,9780672308628,1995,11,912,Database Developer's Guide with Visual C++ 4,"Peter Hipson,Roger Jennings",Sams Publishing,9780672309140,1996,6,1000,0
3908669,2772,2154,Oracle Database 10g Rman Backup & Recovery / Edition 1,"Matthew Hart,Robert G. Freeman,Hart Matthew",McGraw-Hill Osborne Media,9780072263176,2006,11,666,Oracle Database 10g RMAN Backup & Recovery,"Matthew Hart,Robert G. Freeman",McGraw-Hill Education,9780072263180,2006,11,666,1
3930097,2786,3741,Advances in Databases and Information Systems,"Tadeusz Morzy,Theo Harder,Robert Wrembel",Springer Berlin Heidelberg,9783642327407,2012,8,2013,Advances in Databases and Information Systems,"Leonid Kalinichenko,Leonid Kalinichenko",Springer,9783540200480,2003,9,430,0
3942661,2794,3034,"Building Intelligent Databases with Oracle PL/SQL, Triggers, and Stored Procedures","Kevin T. Owens,Kevin T. Owens",Prentice Hall Professional Technical Reference,9780137943142,1997,12,560,Building Intelligent Databases with Oracle PL/SQL [With Disk],Kevin T. Owens,Prentice Hall,9780137943140,1998,1,544,1
3944608,2795,3162,Database Book,Narain Gehani,Silicon Press,9780929306353,2006,8,0,The Database Book,Mary E. S. Loomis,MacMillan Publishing Company,9780023717600,1986,10,465,0
3944655,2795,3270,Database Book,Narain Gehani,Silicon Press,9780929306353,2006,8,0,A Pascal Database Book,"Julian Ullmann,Julian Ullman","Oxford University Press, USA",9780198596420,1986,2,280,0
3947625,2797,2975,"Database Systems: Concepts, Management and Application","Alden Lorents,James Morgan",Harcourt College Publishers,9780155000292,1997,12,736,"Database Systems: Concepts, Management, and Applications","Alden C. Lorents,Lorents, Alden / Morgan, James Lorents, Alden / Morgan, James",Dryden Press,9780155000290,1997,11,736,1
3954259,2802,2854,Study Guide for 1Z0-061: Oracle Database 12c: SQL Fundamentals: Oracle Certification Prep,Matthew Morris,CreateSpace Publishing,9781492323891,2013,9,160,Study Guide for 1Z0-051: Oracle Database 11g: SQL Fundamentals I,Matthew Morris,CreateSpace Independent Publishing Platform,9781475204670,2012,4,144,0
4036578,2861,3274,Developing Databases with Access,Wayne S. Freeze,"O'Reilly Media, Incorporated",9780596101466,2007,4,504,Developing Databases with Access,Wayne Freeze,O'Reilly Media,9780596101470,2007,4,504,1
4060339,2883,2201,Oracle Database Administration,"David C. Kreines,Brian Laskey","O'Reilly Media, Incorporated",9781565925168,1999,4,582,Expert Oracle Database 10g Administration,Sam R. Alapati,Apress,9781590594510,2006,3,1276,0
4085574,2899,3710,Cases On Database Technologies And Applications,Mehdi Khosrow-Pour,IGI Global,9781599043999,2006,4,308,Cases on Database Technologies and Applications,Mehdi Khosrow-Pour,Idea Group Publishing,9781280376740,2006,1,306,1
4090355,2903,2182,"Database Systems: Design, Implementation and Management, Sixth Edition / Edition 6","Peter Rob,Carlos Coronel,Carlos Coronel",Cengage Learning,9780619213237,2004,1,794,"Database Systems: A Practical Approach to Design, Implementation and Management",Thomas Connolly,Addison Wesley Longman,9780201708580,2001,8,848,0
4098428,2910,2155,Database Management,"David Stamper,Wilson Price","McGraw-Hill Companies, The",9780079096975,1990,2,466,Essentials of Database Management,"Jeffrey A. Hoffer,Heikki Topi,Ramesh Venkataraman",Prentice Hall,9780133405680,2013,6,378,0
4098460,2910,2202,Database Management,"David Stamper,Wilson Price","McGraw-Hill Companies, The",9780079096975,1990,2,466,Database Management Systems,"Raghu Ramakrishnan,Ramakrishnan",McGraw Hill Higher Education,9780071231510,2002,9,936,0
4098750,2910,2738,Database Management,"David Stamper,Wilson Price","McGraw-Hill Companies, The",9780079096975,1990,2,466,Database Management Through dBASE,"Robert T. Grauer,Maryann Barber",McGraw-Hill Companies,9780070241400,1988,11,392,0
4099067,2910,3381,Database Management,"David Stamper,Wilson Price","McGraw-Hill Companies, The",9780079096975,1990,2,466,Quick Guide to Database Management,"Jeffrey R. Stewart,Jeffrey R. Stewart Jr.,Nancy Melesco,Sandra McMinnis",McGraw-Hill Companies,9780070615040,1989,3,160,0
4108914,2918,2095,Database Design,Ryan Stephens,Pearson Education,9780134306568,2000,11,528,Data Analysis for Database Design,David Howe,Butterworth-Heinemann,9780750650860,2001,6,336,0
4123917,2928,1995,Pro Oracle Database 11g Administration / Edition 1,Darl Kuhn,Apress,9781430229704,2010,12,720,Pro Oracle Database 12c Administration,Darl Kuhn,Apress,9781430257290,2013,7,756,0
4126874,2930,3465,Contemporary Issues In Database Design And Information Systems Development,Keng Siau,IGI Global,9781599042893,2007,4,344,Contemporary Issues in Database Design and Information Systems Development,"Keng Siau,Keng Siau",Idea Group Reference,9781599042890,2007,4,331,1
4137354,2937,2436,The Accuracy Of Spatial Databases,Michael F. Goodchild,Taylor & Francis,9780850668476,1989,12,308,The Accuracy of Spatial Databases,"Goodchild F. Goodchild,Goodchild F. Goodchild",CRC Press,9780850668480,1989,12,308,1
4150266,2947,2398,Database Management Through DBase,"Robert T. Grauer,Maryann Barber","McGraw-Hill Companies, The",9780070241404,1988,10,392,Database Management,George Diehr,Pearson Scott Foresman,9780673188200,1989,1,418,0
4180002,2969,3216,Blackstone's Police Operational Handbook 2013: Law,Police National Legal Database (PNLD),OUP Oxford,9780191649974,2012,9,0,Blackstone's Police Operational Handbook 2016: Law & Practice and Procedure Pack,"Police National Legal Database (PNLD),Ian Bridges,Fraser Sampson,Clive Harfield","Oxford University Press, USA",9780198743390,2015,12,1616,0
4180144,2969,3486,Blackstone's Police Operational Handbook 2013: Law,Police National Legal Database (PNLD),OUP Oxford,9780191649974,2012,9,0,Blackstone's Police Operational Handbook 2011: Law,Police National Legal Database (PNLD),"Oxford University Press, USA",9780199595200,2011,3,912,1
4188406,2975,1748,Java Database Programming: Servlets and JDBC,"Alan Williamson,D. G. Williamson,Ceri Moran",Prentice Hall Professional Technical Reference,9780137379170,1997,11,439,Java Database Programming,"Alan R. Williamson,Ceri Moran,D.G. Williamson",Prentice Hall PTR,9780137379170,1997,11,439,1
4195812,2980,3669,Object-Oriented Databases,John G. Hughes,Prentice Hall Professional Technical Reference,9780136298823,1991,1,350,Object-Oriented Databases,Donald K. Burleson,QED Information Sciences,9780894354820,1994,1,350,0
4270026,3037,2037,Database Concepts,"Dennis W. Fife,Donald Deutsch",South-Western,9780538109604,1986,3,304,Database System Concepts,"Hank Korth,Hank Korth",McGraw-Hill Companies,9780070447520,1986,6,546,0
4292214,3057,2982,Visual Basic 5 Database How-To,Dennis Kennedy,Sams,9781571691040,1997,12,1068,Visual Basic 4 Database How to,"Stuart Bloom,Don Kiely",Waite Group Press,9781878739940,1995,10,835,0
4293169,3058,2146,Oracle Database 11g - Underground Advice for Database Administrators: Beyond the basics,April C. Sims,Packt Publishing,9781849680011,2010,4,348,Oracle Database 11g Underground Advice For Database Administrators,April Sims,Packt Publishing,9781849680000,2010,4,348,1
4298263,3063,2005,Data Mining in Time Series Databases,"Abraham Kandel,Mark Last,Horst Bunke","World Scientific Publishing Company, Incorporated",9789812382900,2004,11,204,Data Mining in Time Series Databases,Mark Last,World Scientific Publishing Company,9789812382900,2004,6,192,1
4309856,3074,2309,Instant Access Databases,Greg Buczek,McGraw-Hill Professional,9780072130768,2000,12,759,Instant Access Databases [With CDROM],Greg Buczek,McGraw-Hill Companies,9780072130770,2000,12,759,0
4318226,3081,3018,OCP Oracle9i Database: New Features for Administrators Exam Guide,"Daniel Benjamin,Jason Couchman,Daniel Benkamin","McGraw-Hill Companies, The",9780072195309,2002,3,396,OCP Oracle9i Database: New Features for Administrators Exam Guide,Daniel Benjamin,Osborne/McGraw-Hill,9780072195310,2002,3,432,1
4367105,3118,3726,Management of Geological Databases,Joseph Frizado,Elsevier Science & Technology Books,9780080379517,1992,10,250,Management Of Geological Databases,Joseph Frizado,Pergamon,9780080379520,1992,10,250,1
4376672,3124,2866,Teradata Database - Introduction and SQL,Brian Marshall,Education in Parallel,9780966549300,1987,9,464,The Teradata Database:  Introduction And Sql,Brian R. Marshall,Education in Parallel,9780966549300,1987,9,464,1
4385563,3132,2591,"Database Systems , Design, Implementation and Management","CTI Reviews,Peter Rob",Cram101,9781467284004,2016,9,58,Database Design and Implementation,"Shouhong Wang,Hai Wang",Universal Publishers,9781612330150,2011,5,272,0
4405293,3149,2088,Oracle Database 11g New Features,"Robert G. Freeman,Tom Kyte",McGraw-Hill Professional Publishing,9780071496612,2007,11,362,Oracle Database 12c New Features,Robert Freeman,McGraw-Hill Education,9780071799320,2013,12,464,0
4478659,3207,1641,Introduction to Database Systems / Edition 8,C.J. Date,Pearson,9780321197849,2003,7,983,An Introduction to Database Systems,Bipin C. Desai,West Publishing Company,9780314667720,1997,7,820,0
4478668,3207,1653,Introduction to Database Systems / Edition 8,C.J. Date,Pearson,9780321197849,2003,7,983,An Introduction to Database Systems,C.J. Date,Pearson,9780321197850,2003,8,1024,1
4489548,3214,2608,Expert Database Systems,"Larry Kerschberg,George Mason University",Benjamin-Cummings Publishing Company,9780805303117,1988,10,700,Expert Database Systems,Keith G. Jeffery,Academic Press,9780123822550,1992,9,254,0
4512892,3232,2552,Beginning Visual Basic 6 Database Programming,"CONNELL,John Connell",Apress,9781861001061,1998,7,700,Beginning Visual Basic 6 Database Programming,John Connell,Apress,9781861001060,1998,8,880,1
4528214,3244,2873,Database: Technology and Management,Robert C. Goldstein,Wiley,9780471887379,1985,1,352,Database: Technology and Management,Robert C. Goldstein,Wiley,9780471887380,1985,1,352,1
4531753,3247,2537,Expert Oracle Indexing and Access Paths: Maximum Performance for Your Database,"Darl Kuhn,Sam Alapati,Bill Padfield",Apress,9781484219836,2016,9,220,Expert Indexing in Oracle Database 11g: Maximum Performance for Your Database,Darl Kuhn,Apress,9781430237360,2012,1,263,0
4549670,3261,1641,Logical Introduction to Databases,John Grant,"Oxford University Press, USA",9780155511750,1987,2,480,An Introduction to Database Systems,Bipin C. Desai,West Publishing Company,9780314667720,1997,7,820,0
4549679,3261,1653,Logical Introduction to Databases,John Grant,"Oxford University Press, USA",9780155511750,1987,2,480,An Introduction to Database Systems,C.J. Date,Pearson,9780321197850,2003,8,1024,0
4556597,3268,2196,Relational Database Systems,D. A. Bell,Elsevier Science & Technology Books,9780080340944,1986,10,470,Designing Relational Database Systems,Rebecca M. Riordan,Microsoft Press,9780735606340,1999,9,320,0
4556747,3268,2458,Relational Database Systems,D. A. Bell,Elsevier Science & Technology Books,9780080340944,1986,10,470,Relational Database Systems,Dan A. Simovici,Academic Press,9780126443750,1995,8,485,0
4619335,3318,1650,Database Management,Elias M. Awad,"Course Technology, Inc.",9780878357130,1992,2,800,Database Management Systems,"Raghu Ramakrishnan,Johannes Gehrke",McGraw-Hill,9780072465630,2002,8,1104,0
4630165,3324,2071,Perl Database Programming / Edition 1,Brent Michalski,Wiley,9780764549564,2002,11,572,Perl Database Programming,Brent Michalski,John Wiley & Sons,9785555110526,2002,11,572,1
4646201,3336,3334,"Database Engineering, 1986","IEEE, Society Staff,Irv Traiger",IEEE Computer Society Press,9780818607486,1988,6,227,"Database Engineering, 1986","Institute of Electrical and Electronics Engineers,Bruce Lindsay,Sham Navathe",IEEE Computer Society Press,9780818607490,1988,6,226,1
4646712,3337,505,Java Database Programming Bible,"John O'Donahue,John O' Donahue",Wiley,9780764549243,2002,8,720,Java Database Programming Bible,John O'Donahue,Wiley,9780764549240,2002,8,720,1
4647273,3337,1748,Java Database Programming Bible,"John O'Donahue,John O' Donahue",Wiley,9780764549243,2002,8,720,Java Database Programming,"Alan R. Williamson,Ceri Moran,D.G. Williamson",Prentice Hall PTR,9780137379170,1997,11,439,0
4665116,3355,2039,Databases and Knowledge Systems in Merchandising,"John M. Mccann,John P. Gallagher","Wiley, John & Sons, Incorporated",9780442005672,1991,2,215,Databases and Knowledge Systems in Merchandising,John M. McCann,Van Nostrand Reinhold Company,9780442005670,1990,8,215,1
4711319,3393,2744,Fuzziness in Database Management Systems / Edition 1,"Patrick Bosc,Janusz Kacprzyk",Physica-Verlag HD,9783790808582,1995,5,1995,Fuzziness in Database Management Systems,Janusz Kacprzyk,Physica-Verlag,9783790808580,1995,5,433,1
4718122,3399,2600,Understanding Database Management Systems,Joseph A. Vasta,"Course Technology, Inc.",9780534100742,1989,2,526,Understanding Database Management Systems,Joseph A. Vasta,Wadsworth Publishing Company,9780534100740,1989,1,518,1
4755734,3428,3207,Database Design and SQL for DB2,James Cooper,Mc Press,9781583473573,2013,4,504,Database Design and SQL for DB2,James Cooper,Mc Press,9781583473570,2013,4,504,1
4771058,3437,2734,Database Management Systems,"Raghu Ramakrishnan,Tom Casson",McGraw-Hill Higher Education,9780070507753,1997,8,741,Database Management Systems Handbook,"Marc H. Levine,Robert Siegel,Jeffery Bruachler",Amacom,9780814406880,2001,4,320,0
4799866,3457,2156,Spatial Databases: A Tour / Edition 1,Shashi Shekhar,Pearson,9780130174802,2001,12,262,Spatial Databases: A Tour,"Shashi Shekhar,Sanjay Chawla",Pearson,9780130174800,2002,6,262,1
4812157,3465,3248,Professional iOS Database Application Programming,Patrick Alessi,Wiley,9781118391846,2013,4,384,Professional Linux Database Programming,Wrox Author Team,Wrox Press,9781861004410,2001,2,1000,0
4836844,3483,2077,Relational Databases,Barry M. Eaglestone,Nelson Thornes Limited,9780748711765,1991,3,328,The Theory Of Relational Databases,David Maier,Computer Science Press,9780914894420,1983,5,640,0
4861588,3502,1946,Database Management,Ralph B. Bisland Jr.,Prentice Hall Professional Technical Reference,9780131980525,1989,2,560,Database Management and Design,Gary W. Hansen,Prentice Hall,9780133088010,1995,9,582,0
4862023,3502,2738,Database Management,Ralph B. Bisland Jr.,Prentice Hall Professional Technical Reference,9780131980525,1989,2,560,Database Management Through dBASE,"Robert T. Grauer,Maryann Barber",McGraw-Hill Companies,9780070241400,1988,11,392,0
4887844,3523,2485,Beginning C# 2005 Databases: From Novice to Professional,"Jacob Hammer Pedersen,Syed Fahad Gilani,Jon Reid,James Huddleston,Ranga Raghuram",Apress,9781590597774,2006,12,528,Beginning ASP.NET 2.0 Databases: From Novice to Professional,Damien Foggon,Apress,9781590595770,2006,5,625,0
4887852,3523,2496,Beginning C# 2005 Databases: From Novice to Professional,"Jacob Hammer Pedersen,Syed Fahad Gilani,Jon Reid,James Huddleston,Ranga Raghuram",Apress,9781590597774,2006,12,528,Beginning C# 2005 Databases: From Novice to Professional,"James Huddleston,Syed Fahad Gilani,Ranga Raghuram",Apress,9781590597770,2007,1,500,1
4897099,3530,1983,Grid Database Design,April J. Wells,Taylor & Francis,9780849328008,2005,5,312,Grid Database Design,April J. Wells,Auerbach Publications,9780849328010,2005,5,287,1
4898849,3531,2554,Learn to Program Databases with Visual Basic 6,John Smiley,Active Path,9781902745039,1999,7,654,Learn to Program Visual Basic Databases,"John Smiley,Robert Guerin",Course Technology,9781929685170,2001,1,662,0
4919903,3552,2990,Oracle8i Database Administration,Noel Yuhanna,"O'Reilly Media, Incorporated",9781884777783,1999,12,543,Beginning Oracle Database 11g Administration,William Barker,Apress,9781430206290,2013,10,430,0
4992975,3610,1946,Database Management and Design / Edition 2,Gary W. Hansen,Prentice Hall,9780133088007,1995,9,582,Database Management and Design,Gary W. Hansen,Prentice Hall,9780133088010,1995,9,582,1
4993667,3610,3264,Database Management and Design / Edition 2,Gary W. Hansen,Prentice Hall,9780133088007,1995,9,582,Database Systems: Management and Design,"Phil Pratt,Philip J. Pratt,Phil Pratt",Boyd & Fraser Pub. Co.,9780878355790,1991,12,826,0
4995187,3611,2540,Introduction to SQL: Mastering the Relational Database Language / Edition 3,Rick Van Der Lans,Addison-Wesley,9780201596182,1999,11,720,Introduction to SQL: Mastering the Relational Database Language (4th Edition),Rick F. van der Lans,Addison-Wesley Professional,9780321305960,2006,10,1056,0
5015259,3625,2359,Beginning MySQL Database Design and Optimization: From Novice to Professional,"Chad Russell,Jon Stephens",Apress,9781590593325,2004,10,520,Beginning VB 2008 Databases: From Novice to Professional,"Vidya Vrat Agarwal,James Huddleston",Apress,9781590599470,2008,4,409,0
5016553,3626,1653,Introduction to Database Systems/E-book / Edition 7,C.J. Date,Pearson Education,9780201787221,2000,1,0,An Introduction to Database Systems,C.J. Date,Pearson,9780321197850,2003,8,1024,0
5016817,3626,2192,Introduction to Database Systems/E-book / Edition 7,C.J. Date,Pearson Education,9780201787221,2000,1,0,"Introduction to Database Systems, volume 2",C.J. Date,Addison Wesley Publishing Company,9780201144740,1983,1,383,0
5073501,3667,3369,Advances in Intelligent Information and Database Systems,"Ngoc Thanh Nguyen,Radoslaw Katarzyniak",Springer Berlin Heidelberg,9783642262777,2012,4,2010,Advances in Databases and Information Systems,"Janis Grundspenkis,Marite Kirikova,Yannis Manolopoulos",Springer,9783642120830,2011,3,280,0
5073548,3667,3662,Advances in Intelligent Information and Database Systems,"Ngoc Thanh Nguyen,Radoslaw Katarzyniak",Springer Berlin Heidelberg,9783642262777,2012,4,2010,Advances in Databases and Information Systems,"Paolo Atzeni,Albertas Caplinskas,Hannu Jaakkola","Springer-Verlag New York, LLC",9783540857430,2009,4,340,0
5089225,3678,3097,Database Developer's Guide with Visual Basic 3.0,Roger Jennings,Sams,9780672304408,1993,12,1130,Database Developer's Guide with Visual C++ 4,"Peter Hipson,Roger Jennings",Sams Publishing,9780672309140,1996,6,1000,0
5100714,3687,3780,Manual on the Building of Materials Databases,Crystal H. Newton,American Society for Testing & Materials,9780803120525,1993,11,105,Manual On The Building Of Materials Databases,Crystal H. Newton,ASTM International,9780803120520,1993,11,107,1
5119634,3700,3445,Physical Database Design for SYBASE SQL Server,"Sybase Worldwide Professional Services G,Jean Tabaka,Dean Muench",Prentice Hall Professional Technical Reference,9780131615236,1994,10,256,Physical Database Design for Sybase SQL Server,"Sybase Worldwide Professional Services G,Jean Tabaka,Sybase Worldwide Professional Services G",Prentice Hall,9780131615240,1995,1,225,0
5149551,3722,3418,Building Database Applications on the Web Using PHP3,"Craig Hilton,Jeff Willis,Jeff Willis,Bjorn Borud",Addison Wesley Professional,9780201657715,1999,12,624,Building Database Applications on the Web Using PHP3: Complete with Step-By-Step Demonstrations,Craig Hilton,Addison Wesley Longman,9780201657720,2000,1,656,1
5168276,3736,2834,Models and Lanuages of Object-Oriented Databases,"Georg Lausen,Gottfried Vossen",Addison-Wesley,9780201624311,1997,10,218,Models and Languages of Object-Oriented Databases,"Georg Lausen,Gottfried Vossen",Addison Wesley Longman,9780201624310,1998,1,218,1
5192316,3755,2337,Database Design and Management: An Applied Approach,Nick Dowling,Continuum International Publishing Group,9780826453907,2001,1,128,Database Design and Development: A Visual Approach,"Raymond Frost,John Day,Craig Van Slyke",Prentice Hall,9780130351230,2005,10,508,0
5235081,3789,52,Java 2 Database Programming for Dummies,"Jim Keogh,James Edward Keogh",Wiley,9780764508813,2001,10,408,Java Programming for Dummies: With CD,"Donald J. Koosis,David Koosis,David S. Koosis",For Dummies,9780764501420,1997,7,384,0
5236456,3789,2814,Java 2 Database Programming for Dummies,"Jim Keogh,James Edward Keogh",Wiley,9780764508813,2001,10,408,Visual Basic 6 Database Programming for Dummies,Richard Mansfield,For Dummies,9780764506250,1999,9,375,0
5243547,3793,3216,Blackstone's Police Operational Handbook 2016: Law & Practice and Procedure Pack,"Police National Legal Database (PNLD),Ian Bridges,Fraser Sampson,Clive Harfield",Oxford University Press,9780198743392,2015,12,1616,Blackstone's Police Operational Handbook 2016: Law & Practice and Procedure Pack,"Police National Legal Database (PNLD),Ian Bridges,Fraser Sampson,Clive Harfield","Oxford University Press, USA",9780198743390,2015,12,1616,1
5261483,3807,2490,"Fuzzy Databases: Modeling, Design and Implementation","Galindo,Mario Piattini,Angelica Urrutia",IGI Global,9781591403258,2005,10,300,"Fuzzy Databases: Modeling, Design, And Implementation",Jose Galindo,IGI Global,9781591403240,2005,10,320,1
5270271,3814,2134,Database Management Systems,"CTI Reviews,Raghu Ramakrishnan",Cram101,9781467297936,2016,9,65,Database Management Systems,"Patricia Ward,George Dafoulas",Cengage Learning,9781408007690,2008,1,392,0
5301639,3841,3357,Relational Database Management with Oracle / Edition 2,Fred Rolland,Addison-Wesley,9780201565201,1992,1,288,Relational Database Management with Oracle,Fred D. Rolland,Addison Wesley Publishing Company,9780201565200,1991,11,268,1
5315333,3849,3213,Delphi/Kylix Database Development,Eric Harmon,Pearson Education,9780672322655,1901,10,432,Delphi/Kylix Database Development,Eric Harmon,Sams,9780672322660,2001,10,432,1
5328014,3857,2738,Database Management,Gordon C. Everest,"McGraw-Hill Companies, The",9780070197817,1986,2,816,Database Management Through dBASE,"Robert T. Grauer,Maryann Barber",McGraw-Hill Companies,9780070241400,1988,11,392,0
5329925,3859,2466,Logics for Emerging Applications of Databases,"Jan Chomicki,Ron van der Meyden,Gunter Saake",Springer Berlin Heidelberg,9783642622489,2013,1,368,Logics for Emerging Applications of Databases,"Chomicki,Jan Chomicki,Ron Meyden,Chomicki",Springer,9783540007050,2003,8,368,0
5382402,3898,3496,DB2 9 for Z/OS Database Administration: Certification Study Guide,"Susan Lawson,Daniel Luksetich",Mc Press,9781583470749,2008,1,785,"DB2 9 for Linux, UNIX, and Windows Database Administration: Certification Study Guide",Roger E. Sanders,Mc Press,9781583470770,2007,10,880,0
5411707,3918,3576,"DB2 Universal Database v7.1 for UNIX, Linux, Windows and OS/2 Database Administration Certification Guide / Edition 4","George Baklarz,Bill Wong",Pearson Education,9780130913661,2000,10,822,"DB2 Universal Database  v7.1 for UNIX, Linux, Windows and OS/2 Database Administration Certification Guide (4th Edition)","George Baklarz,Jonathan Cook,Bill Wong",Pearson Education,9780130913660,2000,10,832,1
5450368,3942,2279,Visual Basic Database Programming,Michael Kofler,Pearson Education,9780201721935,2001,6,592,Expert One-On-One Visual Basic 2005 Database Programming,Roger Jennings,Wrox Press,9780764576780,2005,12,585,0
5482797,3967,3408,"DNA Microarrays, Part B: Databases and Statistics",Elsevier Science,Elsevier Science,9780121828165,2006,9,512,"DNA Microarrays, Part B: Databases and Statistics: Databases and Statistics","Alan R. Kimmel,Alan R. Kimmel,Brian Oliver",Academic Press,9780080464660,2014,5,506,0
5511665,3991,3103,DB2 Universal Database for OS/390 Version 7.1 Certification Guide,"Richard A. Yevich,Susan Lawson",Pearson Education,9780130650764,2001,8,672,DB2 Universal Database V8.1 Certification Exam 703 Study Guide,Roger E. Sanders,Prentice Hall PTR,9780131840490,2004,5,499,0
5515550,3994,3392,"Security, Audit and Control of Databases","Rodney Clark,W. List,S. R. Holloway,William List,Simon Holloway","Ashgate Publishing, Limited",9781856281683,1991,5,124,"The Security, Audit, and Control of Databases","Rodney Clark,Simon Holloway",Avebury Technical,9781856281680,1991,1,124,1
5553108,4021,3487,Blackstone's Police Operational Handbook 2015: Law & Practice and Procedure Pack,"Police National Legal Database (PNLD),Clive Harfield,Fraser Sampson",Oxford University Press,9780198718918,2014,11,1616,Blackstone's Police Operational Handbook 2012: Law,"Police National Legal Database (PNLD),Ian Bridges,Fraser Sampson","Oxford University Press, USA",9780199642300,2012,2,900,0
5554050,4022,1655,Database Systems Concepts / Edition 5,"Abraham Silberschatz,Henry F. Korth,S. Sudarshan,Henry F. Korth","McGraw-Hill Companies, The",9780072958867,2005,5,1168,Database System Concepts,"Abraham Silberschatz,Henry F. Korth,S. Sudarshan",McGraw-Hill Education,9780072958870,2005,6,1142,1
5571945,4036,2187,Database Management Systems: Designing and Building Business Applications / Edition 1,Gerald V. Post,"McGraw-Hill Companies, The",9780072898934,1998,10,720,Database Management Systems-Designing & Building Business Applications,Gerald V. Post,Irwin/McGraw-Hill,9780072973130,2004,2,512,0
5578277,4040,2896,XML Data Management: Native XML and XML- Enabled Database Systems,"Akmal B. Chaudhri,Awais Rashid,Roberto Zicari",Addison-Wesley,9780201844528,2003,3,688,XML Data Management: Native XML and XML-Enabled Database Systems,"Akmal B. Chaudhri,Roberto Zicari",Addison-Wesley Professional,9780201844530,2003,3,688,1
5589759,4048,2628,"Database Design, Application Development, and Administration / Edition 2",Michael V. Mannino,"McGraw-Hill Companies, The",9780071214896,2003,3,735,Database Application Development and Design,Michael V. Mannino,Irwin/McGraw-Hill,9780073033460,2001,1,583,0
5607404,4058,2877,Practical Database Management,"Tony Fabbri,A. Robert Schwab","Course Technology, Inc.",9780534925925,1992,2,500,Practical Database Management,Tony Fabbri,PWS Pub. Co.,9780534925920,1992,1,498,1
5654065,4091,3710,Encyclopedia of Database Technologies and Applications,"Rivero,Viviana Ferraggina,Jorge Doorn",IGI-Global,9781591405603,2005,6,784,Cases on Database Technologies and Applications,Mehdi Khosrow-Pour,Idea Group Publishing,9781280376740,2006,1,306,0
5660586,4098,2141,Oracle Database 10g Performance Tuning Tips & Techniques / Edition 1,Richard Niemiec,McGraw-Hill Professional Publishing,9780072263053,2007,6,967,Oracle Database 11g Release 2 Performance Tuning Tips & Techniques,Richard Niemiec,McGraw-Hill/Osborne Media,9780071780260,2012,3,1140,0
5662487,4099,2178,Visual Basic 6 Database Programming Bible,Wayne Freeze,"Wiley, John & Sons, Incorporated",9780764547287,2000,8,728,Mastering Visual Basic .NET Database Programming,Evangelos Petroutsos,Sybex,9780782128790,2002,1,960,0
5662808,4099,2779,Visual Basic 6 Database Programming Bible,Wayne Freeze,"Wiley, John & Sons, Incorporated",9780764547287,2000,8,728,Visual Basic .Net Database Programming for Dummies,Richard Mansfield,For Dummies,9780764508740,2001,11,412,0
5680981,4111,2193,Principles of Database and Knowledge-Base Systems,Jeffrey D. Ullman,"Freeman, W. H. & Company",9780881751888,1988,1,113,Principles of Relational Database Systems,Sitansu S. Mittra,Prentice Hall,9780137167970,1991,1,323,0
5681025,4111,2258,Principles of Database and Knowledge-Base Systems,Jeffrey D. Ullman,"Freeman, W. H. & Company",9780881751888,1988,1,113,"Principles of Database & Knowledge-Base Systems, Vol. 1: Classical Database Systems",Jeffrey D. Ullman,Computer Science Press,9780716781580,1990,1,631,0
5717581,4145,2188,Designing Relational Database Systems,Rebecca M. Riordan,Microsoft Press,9780735606340,1999,9,320,Designing Effective Database Systems,Rebecca M. Riordan,Addison-Wesley Professional,9780321290940,2005,1,384,0
5717586,4145,2193,Designing Relational Database Systems,Rebecca M. Riordan,Microsoft Press,9780735606340,1999,9,320,Principles of Relational Database Systems,Sitansu S. Mittra,Prentice Hall,9780137167970,1991,1,323,0
5719639,4146,2498,The New Direct Marketing: How to Implement a Profit-Driven Database Marketing Strategy / Edition 3,"David Shepard Associates,David Shepard","McGraw-Hill Companies, The",9780070580565,1999,3,736,The New Direct Marketing: How to Implement a Profit-Driven Database Marketing Strategy,Rajeev Batra,McGraw-Hill,9780070580560,1999,3,736,1
5721488,4147,2425,Database Management,"Fred R. McFadden,Jeffrey A. Hoffer",Benjamin-Cummings Publishing Company,9780805360400,1991,7,723,The Science Of Database Management,Paul Helman,Irwin Professional Publishing,9780256134380,1994,1,598,0
5721963,4147,3381,Database Management,"Fred R. McFadden,Jeffrey A. Hoffer",Benjamin-Cummings Publishing Company,9780805360400,1991,7,723,Quick Guide to Database Management,"Jeffrey R. Stewart,Jeffrey R. Stewart Jr.,Nancy Melesco,Sandra McMinnis",McGraw-Hill Companies,9780070615040,1989,3,160,0
5733986,4155,3228,Introduction to Database on the Microcomputer,Geoffrey Sharman,Addison-Wesley,9780201150315,1987,9,288,Introduction to Database on Microcomputers,Geoff Sharman,Addison Wesley Publishing Company,9780201150320,1987,7,247,1
5781754,4198,3455,Database Design: Applications of Library Cataloging Techniques,David L. Clark,McGraw-Hill School Education Group,9780830634439,1990,5,352,Database Design: Applications Of Library Cataloging Techniques,David L. Clark,McGraw-Hill School Education Group,9780830634440,1990,5,352,1
5829098,4232,3605,MCTS Self-Paced Training Kit (Exam 70-433): Microsoft SQL Server 2008 Database Development,"Tobias Thernstrom,Ann Weber,Mike Hotek",Microsoft Press,9780735626393,2009,2,496,MCITP Self-Paced Training Kit (Exam 70-441): Designing Database Solutions by Using Microsoft SQL Server 2005,"Dejan Sarka,Andy Leonard,Javier Loria,Adolfo Wiernik",Microsoft Press,9780735623420,2007,9,656,0
5830864,4234,2607,Tutorial--Distributed Database Management,"James A. Larson,Saeed Rahimi",IEEE Computer Society Press,9780818645754,1985,1,669,Tutorial: Distributed Database Management,"James A. Larson,Saeed Rahimi",Ieee Computer Society,9780818605760,1985,1,669,1
5862031,4256,2581,Object-Oriented Databases: An Introduction,"Dimitris N. Chorafas,Heinrich Steinmann",Prentice Hall Professional Technical Reference,9780134918044,1993,2,318,Object-Oriented Databases,Setrag Khoshafian,Wiley,9780471570580,1993,5,384,0
5867110,4260,3442,"Time Granularities in Databases, Data Mining, and Temporal Reasoning / Edition 1","Claudio Bettini,Sushil Jajodia,Sean Wang",Springer Berlin Heidelberg,9783642086342,2010,12,230,"Time Granularities in Databases, Data Mining, and Temporal Reasoning","Claudio Bettini,Sushil Jajodia,Xiaoyang Sean Wang",Springer,9783540669980,2000,7,230,0
5881313,4274,2719,Database Systems,Paul Beynon-Davies,Palgrave HE UK,9780333636671,1996,11,296,Database Systems Handbook,Paul J. Fortier,McGraw-Hill Companies,9780070216270,1997,1,611,0
5881789,4274,3678,Database Systems,Paul Beynon-Davies,Palgrave HE UK,9780333636671,1996,11,296,Filing and Database Systems,"Jeffrey R. Stewart,Judith Scharle Greene,Judith A. Scharle",McGraw-Hill/Glencoe,9780070614820,1989,11,136,0
5912632,4301,2510,"Microsoft Visual Basic 2010 for Windows Applications for Windows, Web, Office, and Database Applications: Comprehensive / Edition 1",Gary B. Shelly,Cengage Learning,9780538468473,2010,9,1112,"Microsoft Visual Basic 2010 for Windows, Web, Office, and Database Applications: Comprehensive",Gary B. Shelly,Cengage Learning,9780538468470,2010,9,1048,1
5928604,4315,2430,Database System: Design and Development,M. M. Kashyap,"Apt Books, Inc.",9788120712638,1993,6,382,Database System: Design and Development,M.M. Kashyap,Vantage Press,9788120712640,1993,6,382,1
5969932,4348,3425,Teach Yourself Database Programming with Delphi in 21 Days,"Nathan Gurewich,Ori Gurewich",Sams,9780672308512,1995,9,608,Sams Teach Yourself Database Programming with Visual C++ 6 in 21 Days,"Lyn Robison,Lyn Robinson",Sams,9780672313510,1998,11,600,0
5976708,4355,2182,"Database Systems: A Practical Approach to Design, Implementation and Management / Edition 5","Thomas M. Connolly,Carolyn E. Begg",Pearson,9780321523068,2009,3,1400,"Database Systems: A Practical Approach to Design, Implementation and Management",Thomas Connolly,Addison Wesley Longman,9780201708580,2001,8,848,0
6004496,4376,2895,"Advanced Topics In Database Research, Volume 5",Keng Siau,IGI Global,9781591409359,2006,4,476,"Advanced Topics in Database Research, Volume 3","Keng Siau,Keng Siau",Idea Group Publishing,9781591402560,2003,7,370,0
6015756,4383,2727,Multimedia Database Management Systems,B. Prabhakaran,Springer US,9781461378600,2012,10,0,Fundamentals of Database Management Systems,Cram101 Textbook Reviews,"Academic Internet Publishers, Inc.",9781428805800,2006,10,92,0
6017926,4386,678,Beginning ASP Database,"KAUFFMAN,Kevin Spencer,David Buser,Thearon Willis,Thearon Willis",Apress,9781861002723,1999,6,856,Beginning Java Databases,"Kevin Mukhar,John  Carnell",Wrox Press,9781861004380,2001,8,973,0
6027789,4394,2176,Database Administration: The Complete Guide to Practices and Procedures,Craig S. Mullins,Addison-Wesley,9780201741292,2002,6,703,Database Administration: The Complete Guide to Practices and Procedures,Craig S. Mullins,Addison-Wesley Professional,9780201741290,2002,6,736,1
6063014,4421,1995,Pro Oracle Database 11g Administration,Darl Kuhn,Apress,9781430229711,2010,12,720,Pro Oracle Database 12c Administration,Darl Kuhn,Apress,9781430257290,2013,7,756,0
6063057,4421,2131,Pro Oracle Database 11g Administration,Darl Kuhn,Apress,9781430229711,2010,12,720,Expert Oracle Database 11g Administration,Sam R. Alapati,Apress,9781430210150,2008,11,1344,0
6063260,4421,2730,Pro Oracle Database 11g Administration,Darl Kuhn,Apress,9781430229711,2010,12,720,Oracle8i Database Administration,Noel Yuhanna,Manning Publications,9781884777780,1999,11,543,0
6093884,4447,1970,Database Modeling and Design / Edition 3,"Toby J. Teorey,Toby J. Teory",Elsevier Science,9781558605008,1998,10,384,Data Modeling and Database Design,"Narayan S Umanath,Richard W Scamell",Cengage Learning,9781285085260,2014,6,754,0
6141025,4479,2878,Distributed Database Systems,Wesley W. Chu,"Artech House, Incorporated",9780890062135,1986,6,528,Distributed and Multi-Database Systems,Angelo R. Bobak,Bantam Books,9780553091560,1993,4,477,0
6162832,4494,3420,OCP Oracle9i Database: Fundamentals II Exam Guide,Rama Velpuri,"McGraw-Hill Companies, The",9780072195439,2002,1,536,Ocp Oracle9i Database: Fundamentals II Exam Guide [With CD-ROM],Rama Velpuri,McGraw-Hill/Osborne Media,9780072195440,2002,1,544,1
6179063,4507,2363,"Concurrent Systems: Operating Systems, Database and Distributed Systems - An Integrated Approach / Edition 2",Jean Bacon,Benjamin-Cummings Publishing Company,9780201177671,1997,12,752,"Concurrent Systems: Operating Systems, Database And Distributed Systems  An Integrated Approach",J. Bacon,Addison Wesley Longman,9780201177670,1997,1,12,1
6182089,4509,2219,Database Management Systems,R. A. Frost,"McGraw-Hill Companies, The",9780070225640,1984,4,288,Database Management,Elias M. Awad,Boyd & Fraser Pub. Co.,9780878357130,1992,3,620,0
6182147,4509,2316,Database Management Systems,R. A. Frost,"McGraw-Hill Companies, The",9780070225640,1984,4,288,Database Systems for Management,"James F. Courtney,David B. Paradice",Irwin Professional Publishing,9780256082300,1992,1,561,0
6192815,4516,2489,Professional Visual Basic 6 Databases,Charles Williams,"Wrox Press, Inc.",9781861002020,1999,6,800,Professional Visual Basic 6 Databases,Charles   Williams,Wrox Press,9781861002020,1999,6,883,1
6229654,4543,3058,Database Design in Plain English: A Simplified Guide for Anyone to Understand Database Concepts Using a Step-by-Step Approach,Joe Herzog,"BookSurge, LLC",9781419670275,2007,11,168,Database Design in Plain English: A Simplified Guide for Anyone to Understand Database Concepts Using a Step-By-Step Approach,Joe Herzog,Booksurge Publishing,9781419670280,2007,11,168,1
6244301,4556,2403,Strategic Database Marketing,"Robert Jackson,Paul Wang,Lisa Petrison","McGraw-Hill Companies, The",9780844232324,1994,7,288,Database Marketing,Robert C Blattberg,Springerverlag New York,9780387725800,2008,1,871,0
6271310,4573,2316,Database Systems for Management 1,Courtney-Paradice,"Mosby, Incorporated",9780801611803,1987,11,544,Database Systems for Management,"James F. Courtney,David B. Paradice",Irwin Professional Publishing,9780256082300,1992,1,561,0
6271525,4573,2734,Database Systems for Management 1,Courtney-Paradice,"Mosby, Incorporated",9780801611803,1987,11,544,Database Management Systems Handbook,"Marc H. Levine,Robert Siegel,Jeffery Bruachler",Amacom,9780814406880,2001,4,320,0
6278758,4578,2645,Database Management and Control,"Kenmore S.,Ph.D. Brathwaite","McGraw-Hill Companies, The",9780070072534,1990,8,304,Database Management and Control,Kenmore S. Brathwaite,Intertext Publications,9780070072530,1990,9,311,1
6288134,4585,3701,Recovery in Parallel Database Systems,Svein-Olaf Hvasshovd,"Informatica International, Incorporated",9783528054113,1999,6,302,Recovery in Parallel Database Systems,Svein-Olaf Hvasshovd,Friedr Vieweg & Sohn Verlagsgesellschaft,9783528054110,1996,6,302,1
6302931,4597,2608,Fund Database Systems,Ramez A. Elmasri,Benjamin-Cummings Publishing Company,9780805317480,1993,12,873,Expert Database Systems,Keith G. Jeffery,Academic Press,9780123822550,1992,9,254,0
6303003,4597,2749,Fund Database Systems,Ramez A. Elmasri,Benjamin-Cummings Publishing Company,9780805317480,1993,12,873,Ri Im Database Systems,Henry F. Korth,McGraw-Hill Education,9780070447580,1996,10,0,0
6303461,4597,3678,Fund Database Systems,Ramez A. Elmasri,Benjamin-Cummings Publishing Company,9780805317480,1993,12,873,Filing and Database Systems,"Jeffrey R. Stewart,Judith Scharle Greene,Judith A. Scharle",McGraw-Hill/Glencoe,9780070614820,1989,11,136,0
6304827,4598,2633,Visual Basic 6 Database Programming,"John W. Fronckowiak,David J. Helda",Wiley,9780764532542,1998,12,1032,Visual Basic Database Programming,"Karen Watterson,Ibrahim Malluf",Peachpit Press,9780201489190,1993,12,800,0
6308212,4601,3665,Query Optimization in Parallel Database Systems,Sadat A.B.M. Rubaiyat Islam,OmniScriptum GmbH & Co. KG,9783639265620,2010,6,64,Recovery in Parallel Database Systems,Svein-Olaf Hvasshovd,Vieweg+teubner Verlag,9783528154110,1999,9,302,0
6322021,4612,3052,"Modeling Financial Markets : Using Visual Basic.Net and Databases to Create Pricing, Trading, and Risk Management Models / Edition 1","Benjamin Van Vliet,Robert Hendry","McGraw-Hill Companies, The",9780071417723,2004,1,304,"Modeling Financial Markets: Using Visual Basic.Net and Databases to Create Pricing, Trading, and Risk Management Models [With CDROM]","Benjamin Van Vilet,Robert  Hendry,Benjamin Van Vilet",McGraw-Hill Companies,9780071417720,2004,1,392,1
6324274,4614,2134,Database Management Systems,Patricia Ward,Cengage Learning,9781408007686,2008,1,392,Database Management Systems,"Patricia Ward,George Dafoulas",Cengage Learning,9781408007690,2008,1,392,1
6340287,4630,3537,Semantic Models for Multimedia Database Searching and Browsing,"Shu-Ching Chen,R.L. Kashyap,Arif Ghafoor",Springer US,9781475773644,2013,12,0,Semantic Models for Multimedia Database Searching and Browsing,"Shu-Ching Chen,Rangasami L. Kashyap,Arif Ghafoor",Springer,9781475773640,2013,3,150,1
6346170,4635,3428,"Object Orientation: Concepts, Analysis and Design, Languages, Databases, Graphical User Interfaces, Standards","Setrag Khoshafian,Razmik Abnous",Wiley,9780471078340,1995,11,528,"Object Orientation: Concepts, Languages, Databases, User Interface","Setrag Khoshafian,Razmik Abnous",Wiley-Interscience,9780471518010,1990,7,434,0
6354501,4643,2046,Concurrency Control in Distributed Database Systems,"Wojciech Cellary,Erol Gelenbe,T. Morzy",Elsevier Science & Technology Books,9780444704092,1988,5,350,Concurrency Control and Recovery in Database Systems,Philip A. Bernstein,Addison Wesley Publishing Company,9780201107160,1987,1,370,0
6360319,4647,1561,Java Database Programming,Brian Jepson,Wiley,9780471165187,1996,11,485,Java Programming,Joyce Farrell,Course Technology,9780619213190,2005,4,887,0
6412362,4688,2601,Business Processes: A Database Perspective,"Tavo Milo,Tova Milo",Morgan & Claypool Publishers,9781608459025,2012,7,104,Business Processes: A Database Perspective,"Daniel Deutch,Tova Milo",Morgan & Claypool,9781608459030,2012,8,103,1
6423213,4698,2203,Oracle Database 10g PL/SQL Programming / Edition 1,"Scott Urman,Ron Hardman,Michael McLaughlin",McGraw-Hill Professional Publishing,9780072230666,2004,8,896,Oracle Database 11g PL/SQL Programming,Michael McLaughlin,McGraw-Hill/Osborne Media,9780071494460,2008,4,835,0
6477126,4744,2638,New Challenges for Intelligent Information and Database Systems,"Ngoc Thanh Nguyen,Bogdan Trawinski,Jason J. Jung",Springer Berlin Heidelberg,9783642267796,2013,5,2011,Intelligent Information and Database Systems,"Manh Thanh Le,Jerzy ÅwiÄtek",Springer,9783642121030,2011,3,508,0
6494114,4759,2496,Beginning VB 2008 Databases: From Novice to Professional / Edition 1,"Vidya Vrat Agarwal,James Huddleston",Apress,9781590599471,2008,4,409,Beginning C# 2005 Databases: From Novice to Professional,"James Huddleston,Syed Fahad Gilani,Ranga Raghuram",Apress,9781590597770,2007,1,500,0
6532835,4789,2388,Data Modeling and Database Design,"CTI Reviews,Richard Scamell",Cram101,9781467282703,2016,9,30,Data Modeling: Logical Database Design,Sideris Courseware Corp,Sideris Courseware Corp.,9781936930200,2011,7,398,0
6538410,4792,2668,Relation Database Design,Charles J. Wertz,Taylor & Francis,9780849374500,1993,2,298,Relational Database Design,Charles J. Wertz,CRC Press,9780849374500,1993,2,298,1
6550394,4801,2032,Business Database Systems,"Thomas Connolly,Carolyn Begg,Richard Holowczak",Addison-Wesley,9781405874373,2008,11,592,Database Systems,Peter Rob,Cengage Learning,9781423938840,2006,3,0,0
6550577,4801,2568,Business Database Systems,"Thomas Connolly,Carolyn Begg,Richard Holowczak",Addison-Wesley,9781405874373,2008,11,592,Database Systems,"Elvis C. Foster,Shripad V. Godbole",Xlibris Corporation,9781425774650,2010,7,678,0
6611606,4850,2198,Soft Cinema: Navigating the Database,"Lev Manovich,Andreas Kratky",MIT Press,9780262134569,2005,3,40,Soft Cinema: Navigating the Database,"Lev Manovich,Andreas Kratky",Mit Press,9780262134570,2005,5,40,1
6639536,4872,2163,Database Aesthetics: Art In The Age Of Information Overflow / Edition 8,Victoria Vesna,University of Minnesota Press,9780816641185,2007,8,336,Database Aesthetics: Art in the Age of Information Overflow,Victoria Vesna,Univ Of Minnesota Press,9780816641190,2007,8,336,1
6655648,4883,3097,Database Developer's Guide with Borland C++5,"Jay Rutten,Mike Cohn,Jim Moran,Kristy Hill,Mark Gee",Sams,9780672308000,1996,5,736,Database Developer's Guide with Visual C++ 4,"Peter Hipson,Roger Jennings",Sams Publishing,9780672309140,1996,6,1000,0
6667317,4892,3649,New Challenges for Intelligent Information and Database Systems / Edition 1,"Ngoc Thanh Nguyen,Bogdan Trawinski,Jason J. Jung",Springer Berlin Heidelberg,9783642199523,2011,5,2011,Intelligent Information and Database Systems,"Ngoc Thanh Nguyen,Chong-gun Kim,Adam Janiak",Springer,9783642200430,2011,4,610,0
6679356,4902,2013,Beginning ASP Databases,"Kevin Spencer,Thearon Willis,John Kauffman",Apress,9781590592496,2003,9,856,Beginning C# Databases,"Morgan Skinner,Jon Reid",Wrox Press,9781861006100,2002,7,656,0
6697430,4920,2434,Understanding Database Management Systems,Rob Mattison,"McGraw-Hill Companies, The",9780070499997,1997,9,666,Distributed Database Management Systems,"Olin H Bray,William Stieger",Lexington Books,9780669033960,1982,1,163,0
6699541,4921,2887,Relational Database,"J. Carter,John Carter","Springer-Verlag New York, LLC",9780412550904,1994,9,314,Introducing Relational Database,Alan J. Mayne,NCC Publications,9780850123980,1983,8,188,0
6704542,4924,2902,Visual Basic Database Programming/Book and Disk,Karen Warrerson,Addison Wesley Professional,9780201626612,1993,12,448,Visual Basic Database Programming [With CDROM],Michael Kofler,Addison-Wesley Professional,9780201721940,2001,11,448,0
6705777,4925,2515,Multidimensional Databases,"Maurizio Rafanelli,M. Rafanelli",IGI Global,9781591400530,2002,7,474,Multidimensional Databases: Problems and Solutions,Maurizio Rafanelli,IGI Global,9781591400530,2002,7,300,1
6721844,4936,3612,Beginning PHP4 Databases,"Apress,Abdul Wahid,Sanjay Abraham,Jim Hubbard,Harish Rawat",Apress,9781861007827,2002,10,501,Beginning ASP.Net 2.0 Databases,Damien Foggon,Damien Foggon,9781430201460,2006,1,636,0
6740488,4951,1948,Fundamentals of Database Systems / Edition 4,"Ramez Elmasri,Shamkant B. Navathe,Shamkant Navathe,Shamkadant B. Navathe",Addison Wesley,9780321122261,2003,7,1030,Fundamentals of Database Management Systems,Mark L. Gillenson,John Wiley & Sons,9780470624710,2011,12,395,0
6746380,4954,3664,Natural Medicines Comprehensive Database,Therapeutic Research Faculty Staff,Therapeutic Research Faculty,9780967613628,1999,1,1310,Natural Medicines: Comprehensive Database,Therapeutic Research Faculty,Therapeutic Research Faculty,9780974706210,2004,6,2161,0
6763799,4969,2066,Expert Database Systems,Keith Jeffery,Elsevier Science & Technology Books,9780123822550,1992,9,0,Database Systems,Alice Tsai,Prentice Hall,9780131968330,1988,3,572,0
6774653,4977,2987,Natural Medicines Comprehensive Database / Edition 4,Therapeutic Research Faculty,Therapeutic Research Faculty,9780967613666,2002,4,1,Natural Medicines Comprehensive Database 2009,"Letter Pharmacist's,Letter Pharmacist's",Therapeutic Research Faculty,9780978820560,2009,5,2323,0
6788805,4988,2162,Advanced Database Systems / Edition 1,Carlo Zaniolo,Elsevier Science,9781558604438,1997,5,576,Advanced Database Systems,"Carlo Zaniolo,Stefano Ceri",Morgan Kaufmann Publishers,9781558604440,1997,5,576,1
6800410,4995,2202,"Data Models, Database Languages and Database Management Systems",Gottfried Vossen,Addison-Wesley,9780201416046,1991,6,590,Database Management Systems,"Raghu Ramakrishnan,Ramakrishnan",McGraw Hill Higher Education,9780071231510,2002,9,936,0
6826824,5014,2934,Database Security XII: Status and Prospects / Edition 1,Sushil Jajodia,Springer US,9780792384885,1999,4,1999,Database Security XII: Status and Prospects,Sushil Jajodia,Springer,9780792384880,1999,4,296,1
6968643,5104,1642,Database Concepts / Edition 4,"David M. Kroenke,David Auer",Prentice Hall,9780136086536,2009,1,480,Database Concepts,"David M. Kroenke,David J. Auer",Prentice Hall,9780138018800,2010,8,464,0
6977091,5109,3592,Sams Teach Yourself Database Programming with Visual Basic 6 in 24 Hours,"Dan Rahmel,Sams",Sams,9780672314094,1998,12,408,Sam's Teaching Yourself Database Program with Visual Basic 6 in 24hrs,Dan Rahmel,Sams,9780672314090,1998,10,382,1
7038202,5149,2730,Oracle8 DBA: Database Administration Exam Cram,Paul Collins,Coriolis Group,9781576106037,2000,4,404,Oracle8i Database Administration,Noel Yuhanna,Manning Publications,9781884777780,1999,11,543,0
7043483,5152,3621,Natural Medicines Comprehensive Database / Edition 5,Therapeutic Research Faculty,Therapeutic Research Center,9780967613680,2003,1,2071,Natural Medicines Comprehensive Database,Jeff M. Jellin Pharm.D.,Pharmacists Letter,9780967613600,2000,10,1530,0
7044432,5153,2743,Multimedia and Imaging Databases / Edition 1,"Setrag Khoshafian,Brad Baker",Elsevier Science,9781558603127,1995,10,586,Multimedia and Imaging Databases,"Setrag Khoshfian,Setrag Khoshfian",Morgan Kaufmann Publishers,9781558603130,1995,10,586,1
7091431,5189,3435,Creating a Database in FileMaker: Visual QuickProject Guide,"Steve Schwartz,Peachpit Press Staff",Peachpit Press,9780321321213,2005,1,160,Creating a Database in FileMaker Pro: Visual Quickproject Guide,Steve Schwartz,Peachpit Press,9780321321210,2005,1,141,1
7121592,5208,2651,"The Home Brewer's Recipe Database, 3rd edition",Les Howarth,Lulu.com,9781326450984,2016,1,426,The Home Brewer's Recipe Database,Les Howarth,Lulu.com,9781409292260,2011,5,366,0
7132720,5218,3421,Oracle Database 10g New Features: Oracle10g Reference for Advanced Tuning & Administration,"Mike Ault,Daniel Liu,Madhu Tumma,Donald Burleson",Rampant Techpress,9780974071602,2003,12,544,Oracle Database 10g New Features: Oracle10g Reference for Advanced Tuning & Administration,"Mike Ault,Madhu Tumma,Daniel Liu",Rampant Techpress,9780974071600,2003,12,544,1
7134345,5220,2458,Relational Databases,Ernst Grill,Prentice Hall Professional Technical Reference,9780137719730,1991,8,215,Relational Database Systems,Dan A. Simovici,Academic Press,9780126443750,1995,8,485,0
7161476,5242,2906,Maxdata: A Time Series Database System,Wilhelm A. Hennerkes,Springer Berlin Heidelberg,9783540522096,1990,2,151,Maxdata: A Time Series Database System,Wilhelm A. Hennerkes,Springer,9783540522100,1990,2,151,1
7172074,5251,3575,"Data Mining, Data Warehousing and Client/Server Databases: Proceedings of the 8th International Hong Kong Computer Society Database Workshop",Joseph Fong,Springer Singapore,9789813083547,1997,10,332,"Data Mining, Data Warehousing and Client/Server Databases: Proceedings of the 8th International Hong Kong Computer Society Database Workshop",J. Fong,Springer,9789813083550,1997,10,344,1